task_id,domain,model_tag,layer,head,seq_len,erank,stable_rank,energy_top1,energy_top5,diag_conc,mean_dist
TR01,travel,gemma3_4b,0,0,509,131.8086,1.3834,0.7228,0.7767,0.1289,88.4241
TR01,travel,gemma3_4b,0,1,509,252.0467,4.5677,0.2189,0.2698,0.2656,73.2616
TR01,travel,gemma3_4b,0,2,509,235.1035,2.7179,0.3679,0.436,0.289,45.0106
TR01,travel,gemma3_4b,0,3,509,98.4579,1.8419,0.5429,0.7344,0.0891,89.2456
TR01,travel,gemma3_4b,0,4,509,385.6151,82.2539,0.0122,0.0488,0.9277,3.2701
TR01,travel,gemma3_4b,0,5,509,201.5453,8.1195,0.1232,0.28,0.2561,42.3223
TR01,travel,gemma3_4b,0,6,509,342.6642,3.7195,0.2689,0.2831,0.5549,92.0896
TR01,travel,gemma3_4b,0,7,509,252.1163,2.1157,0.4727,0.4992,0.4238,117.0847
TR01,travel,gemma3_4b,1,0,509,202.091,1.4733,0.6788,0.6918,0.3221,163.3286
TR01,travel,gemma3_4b,1,1,509,205.7258,1.575,0.6349,0.6533,0.3574,148.9696
TR01,travel,gemma3_4b,1,2,509,170.32,1.9104,0.5234,0.7086,0.1606,88.8477
TR01,travel,gemma3_4b,1,3,509,68.3241,1.0956,0.9127,0.9616,0.0801,119.2843
TR01,travel,gemma3_4b,1,4,509,265.6224,4.98,0.2008,0.2716,0.4188,52.7836
TR01,travel,gemma3_4b,1,5,509,98.2882,1.1614,0.861,0.8902,0.0299,163.6292
TR01,travel,gemma3_4b,1,6,509,65.9341,1.0733,0.9317,0.953,0.0994,152.0492
TR01,travel,gemma3_4b,1,7,509,83.5491,1.0962,0.9122,0.9255,0.1259,176.8595
TR01,travel,gemma3_4b,2,0,509,103.9259,1.1258,0.8883,0.9051,0.1849,200.5807
TR01,travel,gemma3_4b,2,1,509,187.3747,1.7986,0.556,0.6133,0.3645,120.8185
TR01,travel,gemma3_4b,2,2,509,366.1771,2.8921,0.3458,0.3664,0.6291,89.9842
TR01,travel,gemma3_4b,2,3,509,289.5168,1.8478,0.5412,0.571,0.5197,108.128
TR01,travel,gemma3_4b,2,4,509,342.9145,2.2178,0.4509,0.491,0.3097,91.2605
TR01,travel,gemma3_4b,2,5,509,267.9828,2.6482,0.3776,0.4117,0.4955,99.9293
TR01,travel,gemma3_4b,2,6,509,191.6999,5.6527,0.1769,0.2788,0.4953,18.6565
TR01,travel,gemma3_4b,2,7,509,194.2502,1.4339,0.6974,0.7386,0.1049,82.8068
TR01,travel,gemma3_4b,3,0,509,166.3812,1.4746,0.6782,0.7399,0.342,137.8825
TR01,travel,gemma3_4b,3,1,509,164.2271,1.2428,0.8047,0.8271,0.2512,127.6197
TR01,travel,gemma3_4b,3,2,509,161.747,1.2541,0.7974,0.8188,0.3175,141.5774
TR01,travel,gemma3_4b,3,3,509,256.4523,3.0074,0.3325,0.3755,0.5594,90.417
TR01,travel,gemma3_4b,3,4,509,220.7098,1.5859,0.6306,0.6564,0.4495,106.7827
TR01,travel,gemma3_4b,3,5,509,264.2992,1.7698,0.565,0.6058,0.3695,86.1481
TR01,travel,gemma3_4b,3,6,509,148.0575,1.9284,0.5186,0.5915,0.2906,84.1072
TR01,travel,gemma3_4b,3,7,509,222.0477,1.7189,0.5818,0.6286,0.3811,125.3047
TR01,travel,gemma3_4b,4,0,509,182.6167,1.6567,0.6036,0.7157,0.1834,74.5644
TR01,travel,gemma3_4b,4,1,509,187.8189,4.4118,0.2267,0.4848,0.2968,53.6887
TR01,travel,gemma3_4b,4,2,509,146.192,1.2637,0.7913,0.8157,0.041,145.9121
TR01,travel,gemma3_4b,4,3,509,247.9961,1.5721,0.6361,0.6658,0.3271,88.1537
TR01,travel,gemma3_4b,4,4,509,144.4076,3.3395,0.2994,0.4508,0.3019,33.3141
TR01,travel,gemma3_4b,4,5,509,279.1007,4.8975,0.2042,0.2591,0.6961,41.5818
TR01,travel,gemma3_4b,4,6,509,491.4478,155.8094,0.0064,0.0225,0.9121,10.118
TR01,travel,gemma3_4b,4,7,509,90.1294,1.7492,0.5717,0.8523,0.0687,98.4692
TR01,travel,gemma3_4b,5,0,509,188.4304,1.2568,0.7957,0.816,0.1368,140.2698
TR01,travel,gemma3_4b,5,1,509,65.1676,1.0461,0.956,0.9649,0.0452,208.5322
TR01,travel,gemma3_4b,5,2,509,56.1541,1.0476,0.9545,0.9643,0.0489,217.3688
TR01,travel,gemma3_4b,5,3,509,84.8531,1.0959,0.9125,0.9303,0.0309,198.9394
TR01,travel,gemma3_4b,5,4,509,237.7641,2.3694,0.422,0.4906,0.4697,80.3851
TR01,travel,gemma3_4b,5,5,509,68.9456,1.0439,0.9579,0.9728,0.0612,149.6507
TR01,travel,gemma3_4b,5,6,509,159.0491,1.2058,0.8293,0.8824,0.1093,109.261
TR01,travel,gemma3_4b,5,7,509,86.3659,1.2379,0.8078,0.8914,0.1247,141.8956
TR01,travel,gemma3_4b,6,0,509,98.2253,1.0985,0.9103,0.9266,0.143,132.8425
TR01,travel,gemma3_4b,6,1,509,178.6178,1.2472,0.8018,0.8289,0.3183,121.0797
TR01,travel,gemma3_4b,6,2,509,154.3006,1.9546,0.5116,0.6688,0.1936,106.025
TR01,travel,gemma3_4b,6,3,509,133.3922,1.9856,0.5036,0.7931,0.1574,105.3661
TR01,travel,gemma3_4b,6,4,509,126.4483,1.1006,0.9086,0.9294,0.0515,149.6483
TR01,travel,gemma3_4b,6,5,509,64.7376,1.0421,0.9596,0.9784,0.0977,131.905
TR01,travel,gemma3_4b,6,6,509,224.9864,1.9684,0.508,0.5639,0.4545,89.7725
TR01,travel,gemma3_4b,6,7,509,302.6354,1.364,0.7332,0.762,0.3436,100.0309
TR01,travel,gemma3_4b,7,0,509,387.6928,2.9603,0.3378,0.3587,0.6566,85.9251
TR01,travel,gemma3_4b,7,1,509,317.9746,2.0105,0.4974,0.5252,0.5727,96.3509
TR01,travel,gemma3_4b,7,2,509,138.8184,1.8226,0.5487,0.6103,0.3757,91.508
TR01,travel,gemma3_4b,7,3,509,255.4811,1.9179,0.5214,0.5676,0.4795,105.8611
TR01,travel,gemma3_4b,7,4,509,110.2945,1.6911,0.5913,0.8062,0.111,99.4487
TR01,travel,gemma3_4b,7,5,509,198.6526,3.4465,0.2901,0.3664,0.4463,66.7481
TR01,travel,gemma3_4b,7,6,509,149.3666,1.2468,0.8021,0.8453,0.1607,96.115
TR01,travel,gemma3_4b,7,7,509,226.1175,2.1911,0.4564,0.5237,0.2122,75.5685
TR01,travel,gemma3_4b,8,0,509,202.7695,1.3483,0.7417,0.7906,0.3297,112.3411
TR01,travel,gemma3_4b,8,1,509,321.3415,1.7782,0.5624,0.5976,0.3472,95.5522
TR01,travel,gemma3_4b,8,2,509,214.1967,1.5351,0.6514,0.7014,0.3766,112.4309
TR01,travel,gemma3_4b,8,3,509,121.9454,1.0883,0.9189,0.9259,0.2394,158.7104
TR01,travel,gemma3_4b,8,4,509,157.9091,1.8041,0.5543,0.6814,0.2164,82.5286
TR01,travel,gemma3_4b,8,5,509,162.9701,1.5244,0.656,0.7163,0.2936,106.1975
TR01,travel,gemma3_4b,8,6,509,192.5161,1.9811,0.5048,0.5899,0.2815,69.235
TR01,travel,gemma3_4b,8,7,509,234.681,2.0578,0.4859,0.5386,0.5,97.0827
TR01,travel,gemma3_4b,9,0,509,194.5136,2.3676,0.4224,0.5383,0.2992,84.6915
TR01,travel,gemma3_4b,9,1,509,206.6317,1.6944,0.5902,0.6572,0.3262,100.2472
TR01,travel,gemma3_4b,9,2,509,113.9783,1.3506,0.7404,0.8589,0.0868,111.9261
TR01,travel,gemma3_4b,9,3,509,175.4334,1.761,0.5679,0.6744,0.1259,114.2602
TR01,travel,gemma3_4b,9,4,509,130.9524,1.8887,0.5295,0.6783,0.1347,108.2737
TR01,travel,gemma3_4b,9,5,509,175.4247,2.3992,0.4168,0.5821,0.2242,86.9308
TR01,travel,gemma3_4b,9,6,509,112.0046,1.0906,0.917,0.9345,0.1065,117.6049
TR01,travel,gemma3_4b,9,7,509,187.6584,1.6147,0.6193,0.6655,0.1774,91.0902
TR01,travel,gemma3_4b,10,0,509,245.1417,3.0723,0.3255,0.3819,0.5099,55.2109
TR01,travel,gemma3_4b,10,1,509,405.2073,3.7527,0.2665,0.2922,0.6851,74.4254
TR01,travel,gemma3_4b,10,2,509,92.0914,1.1158,0.8962,0.9452,0.0966,131.7624
TR01,travel,gemma3_4b,10,3,509,114.0772,1.0901,0.9173,0.9367,0.1582,132.7147
TR01,travel,gemma3_4b,10,4,509,114.7302,1.2702,0.7873,0.8638,0.1639,104.4237
TR01,travel,gemma3_4b,10,5,509,226.2068,1.264,0.7911,0.8326,0.2318,99.5957
TR01,travel,gemma3_4b,10,6,509,169.3532,1.3831,0.723,0.7653,0.3071,98.1883
TR01,travel,gemma3_4b,10,7,509,119.9626,1.1744,0.8515,0.891,0.2349,129.0546
TR01,travel,gemma3_4b,11,0,509,127.793,1.1409,0.8765,0.9187,0.1184,116.4421
TR01,travel,gemma3_4b,11,1,509,61.1846,1.0439,0.9579,0.9699,0.0873,176.8666
TR01,travel,gemma3_4b,11,2,509,285.4343,1.4788,0.6762,0.7196,0.2478,128.73
TR01,travel,gemma3_4b,11,3,509,132.2299,1.0988,0.9101,0.9408,0.1157,141.8169
TR01,travel,gemma3_4b,11,4,509,200.1195,1.4466,0.6913,0.735,0.1331,113.1758
TR01,travel,gemma3_4b,11,5,509,35.2016,1.0383,0.9631,0.9763,0.0364,222.8012
TR01,travel,gemma3_4b,11,6,509,160.461,2.9889,0.3346,0.5654,0.1689,101.3659
TR01,travel,gemma3_4b,11,7,509,165.2833,3.3071,0.3024,0.6638,0.1752,99.9793
TR01,travel,gemma3_4b,12,0,509,133.3864,1.2659,0.7899,0.8349,0.152,114.276
TR01,travel,gemma3_4b,12,1,509,137.2502,1.3443,0.7439,0.8119,0.0752,120.9876
TR01,travel,gemma3_4b,12,2,509,273.6886,8.3855,0.1193,0.2056,0.5513,37.4818
TR01,travel,gemma3_4b,12,3,509,168.9589,1.5969,0.6262,0.7164,0.2052,73.1985
TR01,travel,gemma3_4b,12,4,509,168.3491,3.5565,0.2812,0.5148,0.2468,71.3567
TR01,travel,gemma3_4b,12,5,509,282.9942,1.818,0.55,0.5995,0.3456,90.7326
TR01,travel,gemma3_4b,12,6,509,226.9946,2.9883,0.3346,0.4306,0.3015,72.6092
TR01,travel,gemma3_4b,12,7,509,217.8193,2.0687,0.4834,0.5635,0.3524,93.0649
TR01,travel,gemma3_4b,13,0,509,270.2978,1.944,0.5144,0.5485,0.5615,94.943
TR01,travel,gemma3_4b,13,1,509,290.0559,2.0262,0.4935,0.5244,0.5708,89.0923
TR01,travel,gemma3_4b,13,2,509,129.1191,1.1271,0.8872,0.9151,0.1392,123.4499
TR01,travel,gemma3_4b,13,3,509,199.1802,2.1126,0.4734,0.5324,0.2728,72.4273
TR01,travel,gemma3_4b,13,4,509,136.3201,1.3449,0.7435,0.8165,0.1472,109.1198
TR01,travel,gemma3_4b,13,5,509,92.0853,1.1001,0.909,0.9416,0.0881,132.1518
TR01,travel,gemma3_4b,13,6,509,295.2433,1.5041,0.6648,0.6961,0.3986,113.7523
TR01,travel,gemma3_4b,13,7,509,391.6243,2.1356,0.4682,0.4961,0.4026,87.4979
TR01,travel,gemma3_4b,14,0,509,181.0492,1.3183,0.7586,0.7903,0.3531,120.0855
TR01,travel,gemma3_4b,14,1,509,135.5158,1.1475,0.8715,0.8949,0.2248,133.8109
TR01,travel,gemma3_4b,14,2,509,230.1886,2.061,0.4852,0.6,0.2852,80.796
TR01,travel,gemma3_4b,14,3,509,259.5936,3.6746,0.2721,0.3664,0.3924,73.8665
TR01,travel,gemma3_4b,14,4,509,232.4595,2.1441,0.4664,0.5176,0.45,87.6577
TR01,travel,gemma3_4b,14,5,509,156.8971,1.7269,0.5791,0.6275,0.3909,96.8121
TR01,travel,gemma3_4b,14,6,509,217.3418,7.3745,0.1356,0.2914,0.3279,44.5044
TR01,travel,gemma3_4b,14,7,509,489.5442,28.3199,0.0353,0.0594,0.7053,35.0785
TR01,travel,gemma3_4b,15,0,509,135.1498,1.1241,0.8896,0.9132,0.1705,130.4452
TR01,travel,gemma3_4b,15,1,509,138.8798,1.1684,0.8559,0.8819,0.2152,128.1222
TR01,travel,gemma3_4b,15,2,509,93.9406,1.0418,0.9598,0.9679,0.1467,149.4143
TR01,travel,gemma3_4b,15,3,509,182.1203,1.4302,0.6992,0.764,0.319,107.6697
TR01,travel,gemma3_4b,15,4,509,154.6926,1.2109,0.8258,0.8644,0.2041,131.5954
TR01,travel,gemma3_4b,15,5,509,132.184,1.3034,0.7672,0.8338,0.169,129.3448
TR01,travel,gemma3_4b,15,6,509,139.8735,1.6455,0.6077,0.764,0.1585,113.5332
TR01,travel,gemma3_4b,15,7,509,173.0238,1.4393,0.6948,0.7893,0.2399,113.917
TR01,travel,gemma3_4b,16,0,509,358.9811,3.6012,0.2777,0.3106,0.6845,61.8049
TR01,travel,gemma3_4b,16,1,509,233.697,1.5512,0.6447,0.7137,0.3097,93.0834
TR01,travel,gemma3_4b,16,2,509,193.5964,1.4838,0.674,0.7305,0.299,79.2927
TR01,travel,gemma3_4b,16,3,509,148.669,1.2033,0.8311,0.8616,0.2576,114.3344
TR01,travel,gemma3_4b,16,4,509,157.9671,1.5346,0.6516,0.7548,0.2639,96.2384
TR01,travel,gemma3_4b,16,5,509,196.6466,1.456,0.6868,0.727,0.3455,94.0474
TR01,travel,gemma3_4b,16,6,509,121.4963,3.5785,0.2794,0.5607,0.1595,78.893
TR01,travel,gemma3_4b,16,7,509,199.5648,3.6432,0.2745,0.4823,0.2518,75.0455
TR01,travel,gemma3_4b,17,0,509,194.961,1.7924,0.5579,0.669,0.2279,110.4837
TR01,travel,gemma3_4b,17,1,509,208.2971,1.24,0.8064,0.8556,0.1702,117.6223
TR01,travel,gemma3_4b,17,2,509,150.4892,1.4403,0.6943,0.7912,0.1528,120.9774
TR01,travel,gemma3_4b,17,3,509,247.5196,1.5939,0.6274,0.6708,0.2919,115.2126
TR01,travel,gemma3_4b,17,4,509,82.9282,1.0769,0.9286,0.9525,0.102,159.8256
TR01,travel,gemma3_4b,17,5,509,43.0039,1.0348,0.9664,0.9775,0.062,206.2199
TR01,travel,gemma3_4b,17,6,509,77.8236,1.043,0.9588,0.973,0.0636,173.6381
TR01,travel,gemma3_4b,17,7,509,62.5413,1.0919,0.9158,0.9594,0.0843,157.3511
TR01,travel,gemma3_4b,18,0,509,134.676,1.1359,0.8804,0.8999,0.2437,153.7343
TR01,travel,gemma3_4b,18,1,509,151.5531,1.2739,0.785,0.8145,0.1994,126.2312
TR01,travel,gemma3_4b,18,2,509,217.5588,1.3222,0.7563,0.7854,0.2724,103.6696
TR01,travel,gemma3_4b,18,3,509,208.0872,1.4226,0.703,0.7417,0.3784,80.7879
TR01,travel,gemma3_4b,18,4,509,272.8484,1.5633,0.6397,0.6649,0.4532,130.6776
TR01,travel,gemma3_4b,18,5,509,217.1953,1.3025,0.7677,0.7907,0.3784,134.7368
TR01,travel,gemma3_4b,18,6,509,235.0764,1.5974,0.626,0.6672,0.4128,83.6465
TR01,travel,gemma3_4b,18,7,509,239.6966,4.9278,0.2029,0.3111,0.5275,47.7988
TR01,travel,gemma3_4b,19,0,509,187.9068,1.1992,0.8339,0.8571,0.2707,111.6695
TR01,travel,gemma3_4b,19,1,509,109.053,1.0735,0.9316,0.9451,0.1673,154.8207
TR01,travel,gemma3_4b,19,2,509,188.0279,1.2696,0.7877,0.8103,0.3674,111.6215
TR01,travel,gemma3_4b,19,3,509,107.0638,1.2687,0.7882,0.8409,0.1956,119.0231
TR01,travel,gemma3_4b,19,4,509,281.7793,1.9927,0.5018,0.5688,0.3388,75.2521
TR01,travel,gemma3_4b,19,5,509,258.3166,2.8837,0.3468,0.4293,0.398,67.213
TR01,travel,gemma3_4b,19,6,509,121.6419,1.204,0.8306,0.8674,0.2837,153.5446
TR01,travel,gemma3_4b,19,7,509,156.5582,1.1035,0.9062,0.9236,0.1125,178.5327
TR01,travel,gemma3_4b,20,0,509,77.6848,1.0452,0.9568,0.9672,0.1377,171.2537
TR01,travel,gemma3_4b,20,1,509,172.5469,1.1724,0.853,0.8795,0.233,122.5223
TR01,travel,gemma3_4b,20,2,509,131.1533,1.2961,0.7715,0.8353,0.2533,124.1284
TR01,travel,gemma3_4b,20,3,509,64.1237,1.0335,0.9676,0.9758,0.1207,164.4515
TR01,travel,gemma3_4b,20,4,509,139.116,1.2553,0.7966,0.8324,0.2949,109.2622
TR01,travel,gemma3_4b,20,5,509,165.9352,1.3019,0.7681,0.7931,0.3698,133.9074
TR01,travel,gemma3_4b,20,6,509,401.8188,2.1399,0.4673,0.4949,0.4316,98.7243
TR01,travel,gemma3_4b,20,7,509,282.0014,2.4232,0.4127,0.4647,0.5315,68.6992
TR01,travel,gemma3_4b,21,0,509,109.294,1.1029,0.9067,0.9257,0.153,152.8295
TR01,travel,gemma3_4b,21,1,509,40.0709,1.0317,0.9693,0.9843,0.0935,213.6861
TR01,travel,gemma3_4b,21,2,509,87.1144,1.1034,0.9063,0.9408,0.0826,142.6831
TR01,travel,gemma3_4b,21,3,509,240.3545,1.4395,0.6947,0.7222,0.45,125.6175
TR01,travel,gemma3_4b,21,4,509,180.4205,1.2986,0.7701,0.7997,0.3723,142.2831
TR01,travel,gemma3_4b,21,5,509,65.7184,1.0324,0.9686,0.9756,0.1513,197.8535
TR01,travel,gemma3_4b,21,6,509,80.9896,1.0747,0.9305,0.9489,0.0883,172.8353
TR01,travel,gemma3_4b,21,7,509,114.5031,1.0535,0.9493,0.9576,0.1674,158.5206
TR01,travel,gemma3_4b,22,0,509,263.0228,1.3191,0.7581,0.7769,0.3961,115.4284
TR01,travel,gemma3_4b,22,1,509,396.9056,2.0338,0.4917,0.5065,0.5715,111.6526
TR01,travel,gemma3_4b,22,2,509,370.8866,1.7209,0.5811,0.6047,0.4033,97.2551
TR01,travel,gemma3_4b,22,3,509,321.3349,1.9539,0.5118,0.5415,0.5585,98.3899
TR01,travel,gemma3_4b,22,4,509,395.1058,1.8651,0.5362,0.5558,0.382,105.4129
TR01,travel,gemma3_4b,22,5,509,209.852,1.4777,0.6767,0.7666,0.2531,102.4098
TR01,travel,gemma3_4b,22,6,509,160.2955,1.1412,0.8762,0.8965,0.2364,132.5268
TR01,travel,gemma3_4b,22,7,509,235.1961,1.256,0.7962,0.824,0.2276,119.6115
TR01,travel,gemma3_4b,23,0,509,59.544,1.0451,0.9569,0.9697,0.0675,189.0941
TR01,travel,gemma3_4b,23,1,509,78.839,1.0941,0.914,0.93,0.0589,191.1152
TR01,travel,gemma3_4b,23,2,509,170.3879,1.2283,0.8141,0.8473,0.1953,117.7952
TR01,travel,gemma3_4b,23,3,509,104.2105,1.0941,0.914,0.9409,0.1034,163.6386
TR01,travel,gemma3_4b,23,4,509,15.6815,1.0068,0.9932,0.9967,0.0374,214.334
TR01,travel,gemma3_4b,23,5,509,93.4761,1.0528,0.9498,0.9628,0.1814,189.8434
TR01,travel,gemma3_4b,23,6,509,39.6664,1.0206,0.9799,0.9864,0.0765,212.3655
TR01,travel,gemma3_4b,23,7,509,32.5952,1.0208,0.9796,0.9874,0.0541,222.8188
TR01,travel,gemma3_4b,24,0,509,64.4806,1.052,0.9506,0.9757,0.1172,142.8699
TR01,travel,gemma3_4b,24,1,509,74.0191,1.0801,0.9259,0.966,0.1242,163.7036
TR01,travel,gemma3_4b,24,2,509,67.806,1.0664,0.9378,0.9558,0.1102,189.5156
TR01,travel,gemma3_4b,24,3,509,59.5618,1.0637,0.9401,0.956,0.074,191.6389
TR01,travel,gemma3_4b,24,4,509,130.9483,1.0749,0.9303,0.9408,0.2044,158.5229
TR01,travel,gemma3_4b,24,5,509,104.105,1.0535,0.9492,0.9601,0.1651,156.3637
TR01,travel,gemma3_4b,24,6,509,206.1518,1.1882,0.8416,0.859,0.3191,140.067
TR01,travel,gemma3_4b,24,7,509,100.7569,1.032,0.969,0.975,0.1423,191.5553
TR01,travel,gemma3_4b,25,0,509,93.2777,1.1068,0.9035,0.9263,0.1033,174.2159
TR01,travel,gemma3_4b,25,1,509,36.2218,1.0265,0.9741,0.9838,0.0629,193.1329
TR01,travel,gemma3_4b,25,2,509,72.0321,1.0163,0.984,0.9863,0.1116,188.7198
TR01,travel,gemma3_4b,25,3,509,195.3303,1.2737,0.7851,0.8124,0.3442,129.0674
TR01,travel,gemma3_4b,25,4,509,199.4352,1.2082,0.8277,0.8489,0.2269,154.303
TR01,travel,gemma3_4b,25,5,509,67.2396,1.0368,0.9645,0.9731,0.1139,198.6205
TR01,travel,gemma3_4b,25,6,509,49.0986,1.0186,0.9818,0.9853,0.1112,207.9595
TR01,travel,gemma3_4b,25,7,509,78.9139,1.0616,0.942,0.9536,0.1683,200.9589
TR01,travel,gemma3_4b,26,0,509,17.8045,1.0053,0.9948,0.9966,0.0459,218.9319
TR01,travel,gemma3_4b,26,1,509,20.2372,1.0082,0.9919,0.9949,0.0462,214.7038
TR01,travel,gemma3_4b,26,2,509,34.3114,1.0301,0.9708,0.9886,0.0842,206.5012
TR01,travel,gemma3_4b,26,3,509,176.4569,1.1446,0.8737,0.8872,0.2426,160.289
TR01,travel,gemma3_4b,26,4,509,16.5546,1.0086,0.9915,0.9954,0.035,220.179
TR01,travel,gemma3_4b,26,5,509,46.4735,1.0408,0.9608,0.973,0.0557,194.0021
TR01,travel,gemma3_4b,26,6,509,16.9672,1.0332,0.9679,0.9861,0.0407,206.2465
TR01,travel,gemma3_4b,26,7,509,77.7244,1.0364,0.9649,0.9731,0.138,152.1726
TR01,travel,gemma3_4b,27,0,509,27.4782,1.0077,0.9924,0.9962,0.0699,238.2362
TR01,travel,gemma3_4b,27,1,509,187.6317,1.1893,0.8408,0.859,0.2787,138.7856
TR01,travel,gemma3_4b,27,2,509,30.9687,1.0588,0.9445,0.9646,0.0844,181.4721
TR01,travel,gemma3_4b,27,3,509,174.0636,1.0951,0.9132,0.9228,0.2156,198.2034
TR01,travel,gemma3_4b,27,4,509,84.4215,1.0715,0.9333,0.9404,0.1492,229.767
TR01,travel,gemma3_4b,27,5,509,244.0166,1.1748,0.8512,0.8624,0.288,191.0167
TR01,travel,gemma3_4b,27,6,509,134.0562,1.0728,0.9321,0.9436,0.1509,159.3064
TR01,travel,gemma3_4b,27,7,509,173.3606,1.1237,0.8899,0.9066,0.2223,149.9811
TR01,travel,gemma3_4b,28,0,509,207.3698,1.1954,0.8365,0.8558,0.2928,135.4824
TR01,travel,gemma3_4b,28,1,509,14.3725,1.005,0.995,0.9968,0.0435,230.3978
TR01,travel,gemma3_4b,28,2,509,305.6952,1.2444,0.8036,0.8143,0.377,157.6647
TR01,travel,gemma3_4b,28,3,509,245.2543,1.1716,0.8535,0.8632,0.3146,171.7971
TR01,travel,gemma3_4b,28,4,509,63.0858,1.0343,0.9669,0.9724,0.1317,205.9535
TR01,travel,gemma3_4b,28,5,509,106.7305,1.0595,0.9438,0.9511,0.1717,174.3693
TR01,travel,gemma3_4b,28,6,509,5.0876,1.0007,0.9993,0.9996,0.0286,236.8851
TR01,travel,gemma3_4b,28,7,509,5.4784,1.0051,0.9949,0.9992,0.033,239.495
TR01,travel,gemma3_4b,29,0,509,44.9566,1.0234,0.9771,0.9839,0.0503,196.4317
TR01,travel,gemma3_4b,29,1,509,23.1481,1.021,0.9794,0.9882,0.0308,207.7157
TR01,travel,gemma3_4b,29,2,509,11.853,1.0041,0.9959,0.9974,0.0285,229.8448
TR01,travel,gemma3_4b,29,3,509,11.3076,1.0034,0.9966,0.9979,0.0276,229.2943
TR01,travel,gemma3_4b,29,4,509,31.6964,1.0213,0.9792,0.9859,0.0414,211.5479
TR01,travel,gemma3_4b,29,5,509,21.9851,1.0074,0.9926,0.9947,0.0376,219.7174
TR01,travel,gemma3_4b,29,6,509,28.1167,1.0121,0.9881,0.9923,0.0782,243.7296
TR01,travel,gemma3_4b,29,7,509,41.1311,1.0168,0.9835,0.9881,0.1243,227.3092
TR01,travel,gemma3_4b,30,0,509,18.9603,1.0073,0.9927,0.9957,0.0511,211.3457
TR01,travel,gemma3_4b,30,1,509,107.6062,1.0902,0.9173,0.9268,0.1792,166.3839
TR01,travel,gemma3_4b,30,2,509,22.4391,1.0073,0.9927,0.9951,0.0503,218.4353
TR01,travel,gemma3_4b,30,3,509,33.2265,1.012,0.9881,0.992,0.0664,211.3139
TR01,travel,gemma3_4b,30,4,509,125.7051,1.0786,0.9272,0.9369,0.184,159.635
TR01,travel,gemma3_4b,30,5,509,42.4081,1.0133,0.9868,0.9904,0.0743,193.6712
TR01,travel,gemma3_4b,30,6,509,59.508,1.0178,0.9825,0.9863,0.0985,185.7469
TR01,travel,gemma3_4b,30,7,509,47.3815,1.013,0.9872,0.9906,0.0825,190.0421
TR01,travel,gemma3_4b,31,0,509,12.0619,1.0046,0.9954,0.9984,0.0555,232.8681
TR01,travel,gemma3_4b,31,1,509,3.9584,1.0005,0.9995,0.9997,0.0296,241.123
TR01,travel,gemma3_4b,31,2,509,266.3577,1.1912,0.8395,0.849,0.271,160.6878
TR01,travel,gemma3_4b,31,3,509,286.6993,1.5798,0.633,0.6615,0.4135,95.1268
TR01,travel,gemma3_4b,31,4,509,254.026,1.1412,0.8763,0.8827,0.2362,168.4061
TR01,travel,gemma3_4b,31,5,509,303.1812,3.0615,0.3266,0.3971,0.3846,71.8656
TR01,travel,gemma3_4b,31,6,509,301.8432,1.265,0.7905,0.8008,0.2889,148.0045
TR01,travel,gemma3_4b,31,7,509,334.8474,1.7363,0.5759,0.6099,0.3954,94.733
TR01,travel,gemma3_4b,32,0,509,63.0153,1.0423,0.9595,0.9676,0.1305,194.124
TR01,travel,gemma3_4b,32,1,509,32.6343,1.0174,0.9829,0.9884,0.0722,194.1045
TR01,travel,gemma3_4b,32,2,509,396.1268,2.508,0.3987,0.4119,0.551,109.0436
TR01,travel,gemma3_4b,32,3,509,170.3126,1.1022,0.9073,0.9173,0.21,176.5366
TR01,travel,gemma3_4b,32,4,509,87.8836,1.0804,0.9256,0.936,0.1901,218.8914
TR01,travel,gemma3_4b,32,5,509,174.0303,1.0956,0.9127,0.925,0.2723,173.9185
TR01,travel,gemma3_4b,32,6,509,205.1468,1.1468,0.872,0.884,0.3067,164.673
TR01,travel,gemma3_4b,32,7,509,149.7125,1.1453,0.8731,0.8818,0.2309,207.6779
TR01,travel,gemma3_4b,33,0,509,161.7689,1.1266,0.8876,0.9155,0.211,137.6544
TR01,travel,gemma3_4b,33,1,509,23.5403,1.0119,0.9882,0.9945,0.0739,213.4257
TR01,travel,gemma3_4b,33,2,509,356.5092,1.7272,0.579,0.6056,0.5211,108.4237
TR01,travel,gemma3_4b,33,3,509,248.0007,1.1244,0.8894,0.9026,0.2386,170.8118
TR01,travel,gemma3_4b,33,4,509,218.3161,1.139,0.8779,0.8854,0.2358,182.7964
TR01,travel,gemma3_4b,33,5,509,344.522,2.5021,0.3997,0.4281,0.5395,64.7274
TR01,travel,gemma3_4b,33,6,509,335.5595,3.7884,0.264,0.3083,0.5597,50.4055
TR01,travel,gemma3_4b,33,7,509,503.8923,120.8943,0.0083,0.0173,0.9471,11.0949
TR02,travel,gemma3_4b,0,0,516,133.3367,1.3108,0.7629,0.8065,0.1215,89.3285
TR02,travel,gemma3_4b,0,1,516,244.7246,4.15,0.241,0.2951,0.2503,76.1765
TR02,travel,gemma3_4b,0,2,516,240.2835,2.5042,0.3993,0.4706,0.2795,49.3898
TR02,travel,gemma3_4b,0,3,516,106.3432,1.629,0.6139,0.836,0.0833,91.3576
TR02,travel,gemma3_4b,0,4,516,395.5171,85.6737,0.0117,0.0439,0.9322,3.0517
TR02,travel,gemma3_4b,0,5,516,201.8916,7.5746,0.132,0.3193,0.248,45.0743
TR02,travel,gemma3_4b,0,6,516,343.7004,3.3677,0.2969,0.3111,0.5403,98.5621
TR02,travel,gemma3_4b,0,7,516,253.0692,2.0326,0.492,0.518,0.4156,122.9611
TR02,travel,gemma3_4b,1,0,516,203.2202,1.4371,0.6958,0.7086,0.3115,167.4685
TR02,travel,gemma3_4b,1,1,516,204.8619,1.5477,0.6461,0.6636,0.3453,153.686
TR02,travel,gemma3_4b,1,2,516,179.9925,1.9614,0.5098,0.7036,0.1651,87.6539
TR02,travel,gemma3_4b,1,3,516,72.3669,1.0875,0.9196,0.9607,0.0767,122.5045
TR02,travel,gemma3_4b,1,4,516,268.4407,5.1992,0.1923,0.2602,0.4148,55.3787
TR02,travel,gemma3_4b,1,5,516,102.6985,1.1668,0.8571,0.8843,0.0301,164.9808
TR02,travel,gemma3_4b,1,6,516,71.2816,1.0722,0.9327,0.952,0.0992,157.8058
TR02,travel,gemma3_4b,1,7,516,88.6032,1.1121,0.8992,0.9145,0.1358,179.7071
TR02,travel,gemma3_4b,2,0,516,103.7914,1.1536,0.8669,0.8906,0.1931,199.1977
TR02,travel,gemma3_4b,2,1,516,188.6838,1.7396,0.5748,0.6237,0.3507,124.6465
TR02,travel,gemma3_4b,2,2,516,381.0355,3.0331,0.3297,0.3487,0.6411,86.9007
TR02,travel,gemma3_4b,2,3,516,301.4794,1.8817,0.5314,0.5594,0.5223,108.0004
TR02,travel,gemma3_4b,2,4,516,362.8299,2.4001,0.4166,0.4553,0.3312,90.0462
TR02,travel,gemma3_4b,2,5,516,274.2303,2.7126,0.3687,0.4128,0.5063,100.4024
TR02,travel,gemma3_4b,2,6,516,194.7699,5.6836,0.1759,0.2773,0.4953,18.9031
TR02,travel,gemma3_4b,2,7,516,189.0675,1.3737,0.728,0.7681,0.0966,86.2083
TR02,travel,gemma3_4b,3,0,516,173.6649,1.5085,0.6629,0.7179,0.3482,139.3769
TR02,travel,gemma3_4b,3,1,516,164.1034,1.2259,0.8157,0.8368,0.2373,127.8147
TR02,travel,gemma3_4b,3,2,516,173.9423,1.253,0.7981,0.8177,0.3117,143.6454
TR02,travel,gemma3_4b,3,3,516,260.6357,3.0785,0.3248,0.3678,0.5578,91.8373
TR02,travel,gemma3_4b,3,4,516,223.2221,1.6131,0.6199,0.6459,0.4498,107.6259
TR02,travel,gemma3_4b,3,5,516,269.7198,1.8113,0.5521,0.5918,0.3521,85.8025
TR02,travel,gemma3_4b,3,6,516,150.2359,2.0298,0.4927,0.5638,0.2911,85.2623
TR02,travel,gemma3_4b,3,7,516,224.862,1.7783,0.5623,0.6084,0.3829,123.0208
TR02,travel,gemma3_4b,4,0,516,191.4168,1.6533,0.6049,0.7156,0.1839,78.106
TR02,travel,gemma3_4b,4,1,516,189.3307,4.9416,0.2024,0.4277,0.302,53.8031
TR02,travel,gemma3_4b,4,2,516,136.407,1.2082,0.8277,0.8549,0.0415,155.2477
TR02,travel,gemma3_4b,4,3,516,242.5692,1.4378,0.6955,0.7264,0.2788,94.5931
TR02,travel,gemma3_4b,4,4,516,145.6083,3.4654,0.2886,0.453,0.2906,33.4111
TR02,travel,gemma3_4b,4,5,516,276.3186,4.9426,0.2023,0.255,0.6909,41.8599
TR02,travel,gemma3_4b,4,6,516,497.9341,156.0657,0.0064,0.0219,0.9098,10.8391
TR02,travel,gemma3_4b,4,7,516,87.826,1.8396,0.5436,0.8446,0.0671,102.3209
TR02,travel,gemma3_4b,5,0,516,172.8038,1.1917,0.8391,0.8565,0.0973,154.1923
TR02,travel,gemma3_4b,5,1,516,53.4111,1.0341,0.967,0.9758,0.0409,219.2827
TR02,travel,gemma3_4b,5,2,516,53.4826,1.0504,0.9521,0.9634,0.0411,223.0957
TR02,travel,gemma3_4b,5,3,516,75.9997,1.081,0.9251,0.9386,0.0211,208.9441
TR02,travel,gemma3_4b,5,4,516,232.7729,2.1723,0.4603,0.53,0.4368,84.5656
TR02,travel,gemma3_4b,5,5,516,71.1437,1.0431,0.9586,0.9743,0.06,153.1734
TR02,travel,gemma3_4b,5,6,516,151.1896,1.2189,0.8204,0.8881,0.1002,112.4007
TR02,travel,gemma3_4b,5,7,516,91.756,1.2692,0.7879,0.8779,0.1307,140.0211
TR02,travel,gemma3_4b,6,0,516,83.8932,1.0769,0.9286,0.9458,0.1096,141.7985
TR02,travel,gemma3_4b,6,1,516,182.0803,1.2278,0.8145,0.8403,0.2985,123.4081
TR02,travel,gemma3_4b,6,2,516,166.7993,2.011,0.4973,0.656,0.1955,105.1175
TR02,travel,gemma3_4b,6,3,516,132.6622,2.0004,0.4999,0.799,0.1539,108.844
TR02,travel,gemma3_4b,6,4,516,114.415,1.0959,0.9125,0.937,0.0477,156.614
TR02,travel,gemma3_4b,6,5,516,61.7827,1.0312,0.9698,0.9818,0.0915,133.6111
TR02,travel,gemma3_4b,6,6,516,229.7323,1.9444,0.5143,0.5628,0.4418,92.4449
TR02,travel,gemma3_4b,6,7,516,298.09,1.3802,0.7246,0.7534,0.3272,103.0126
TR02,travel,gemma3_4b,7,0,516,389.1764,2.9566,0.3382,0.3602,0.6513,86.9728
TR02,travel,gemma3_4b,7,1,516,313.9151,1.9365,0.5164,0.5483,0.5565,101.4095
TR02,travel,gemma3_4b,7,2,516,129.4274,1.6971,0.5892,0.6517,0.335,98.0866
TR02,travel,gemma3_4b,7,3,516,256.5021,1.9793,0.5052,0.5503,0.464,98.1237
TR02,travel,gemma3_4b,7,4,516,110.3223,1.6458,0.6076,0.8148,0.1067,102.8696
TR02,travel,gemma3_4b,7,5,516,191.9071,3.9393,0.2538,0.3512,0.4401,62.8009
TR02,travel,gemma3_4b,7,6,516,142.0398,1.2023,0.8318,0.875,0.1425,101.3495
TR02,travel,gemma3_4b,7,7,516,222.2513,2.3425,0.4269,0.5143,0.1952,76.3271
TR02,travel,gemma3_4b,8,0,516,196.2782,1.3003,0.769,0.8057,0.311,119.2636
TR02,travel,gemma3_4b,8,1,516,321.0601,1.7239,0.5801,0.6174,0.325,96.886
TR02,travel,gemma3_4b,8,2,516,213.5913,1.4768,0.6771,0.722,0.3559,114.1025
TR02,travel,gemma3_4b,8,3,516,129.8912,1.0916,0.9161,0.9243,0.2435,153.8796
TR02,travel,gemma3_4b,8,4,516,151.9606,1.7517,0.5709,0.6961,0.2015,89.414
TR02,travel,gemma3_4b,8,5,516,162.2662,1.417,0.7057,0.7627,0.2811,113.7516
TR02,travel,gemma3_4b,8,6,516,194.2237,1.9726,0.507,0.5878,0.2683,69.8173
TR02,travel,gemma3_4b,8,7,516,240.0224,2.0621,0.4849,0.5444,0.4833,97.2982
TR02,travel,gemma3_4b,9,0,516,191.2835,2.5547,0.3914,0.5121,0.2738,90.362
TR02,travel,gemma3_4b,9,1,516,209.3045,1.7177,0.5822,0.6553,0.302,101.3968
TR02,travel,gemma3_4b,9,2,516,107.2645,1.3332,0.7501,0.8598,0.0793,118.016
TR02,travel,gemma3_4b,9,3,516,167.0027,1.8675,0.5355,0.6651,0.1231,114.7737
TR02,travel,gemma3_4b,9,4,516,134.7484,2.0157,0.4961,0.6523,0.1406,107.6445
TR02,travel,gemma3_4b,9,5,516,182.3018,2.4499,0.4082,0.5686,0.2191,88.7833
TR02,travel,gemma3_4b,9,6,516,99.2556,1.0694,0.9351,0.9504,0.0887,124.0839
TR02,travel,gemma3_4b,9,7,516,175.2127,1.4488,0.6902,0.7404,0.1368,100.9703
TR02,travel,gemma3_4b,10,0,516,238.808,2.8412,0.352,0.4089,0.473,57.4882
TR02,travel,gemma3_4b,10,1,516,407.8823,3.5635,0.2806,0.3056,0.6772,75.519
TR02,travel,gemma3_4b,10,2,516,89.5939,1.1291,0.8857,0.9449,0.091,132.4361
TR02,travel,gemma3_4b,10,3,516,111.9977,1.0927,0.9151,0.9377,0.1507,133.5049
TR02,travel,gemma3_4b,10,4,516,111.834,1.2344,0.8101,0.8845,0.1472,108.9249
TR02,travel,gemma3_4b,10,5,516,228.8149,1.2685,0.7883,0.8304,0.2268,103.2536
TR02,travel,gemma3_4b,10,6,516,173.5176,1.3752,0.7272,0.7659,0.2974,99.1832
TR02,travel,gemma3_4b,10,7,516,118.7156,1.1614,0.861,0.8952,0.2282,131.7008
TR02,travel,gemma3_4b,11,0,516,116.5926,1.1016,0.9078,0.9445,0.105,125.282
TR02,travel,gemma3_4b,11,1,516,56.6187,1.0378,0.9636,0.975,0.0839,184.7723
TR02,travel,gemma3_4b,11,2,516,280.1728,1.4983,0.6674,0.7145,0.2433,129.852
TR02,travel,gemma3_4b,11,3,516,135.5989,1.1043,0.9056,0.9354,0.1155,142.457
TR02,travel,gemma3_4b,11,4,516,194.796,1.3712,0.7293,0.7717,0.1058,127.0181
TR02,travel,gemma3_4b,11,5,516,30.7955,1.0351,0.9661,0.9786,0.0312,229.505
TR02,travel,gemma3_4b,11,6,516,161.4033,2.7513,0.3635,0.5427,0.1759,96.9114
TR02,travel,gemma3_4b,11,7,516,162.2584,3.3537,0.2982,0.6137,0.1635,96.1742
TR02,travel,gemma3_4b,12,0,516,124.3722,1.2089,0.8272,0.8803,0.1113,121.0325
TR02,travel,gemma3_4b,12,1,516,134.5103,1.3328,0.7503,0.8225,0.0701,123.98
TR02,travel,gemma3_4b,12,2,516,267.3963,8.054,0.1242,0.2138,0.5245,38.6976
TR02,travel,gemma3_4b,12,3,516,167.4251,1.5766,0.6343,0.7297,0.1884,74.4778
TR02,travel,gemma3_4b,12,4,516,168.3009,3.3601,0.2976,0.4997,0.231,72.2239
TR02,travel,gemma3_4b,12,5,516,276.4849,1.8784,0.5324,0.5962,0.3213,91.556
TR02,travel,gemma3_4b,12,6,516,228.5757,3.0473,0.3282,0.4241,0.276,71.9086
TR02,travel,gemma3_4b,12,7,516,207.7309,2.0108,0.4973,0.5815,0.3394,94.0833
TR02,travel,gemma3_4b,13,0,516,274.3818,1.9563,0.5112,0.5448,0.5637,92.7409
TR02,travel,gemma3_4b,13,1,516,294.5118,2.0336,0.4917,0.5245,0.5684,89.054
TR02,travel,gemma3_4b,13,2,516,121.4135,1.0937,0.9143,0.9333,0.1177,131.5158
TR02,travel,gemma3_4b,13,3,516,201.8858,1.9408,0.5153,0.571,0.2187,75.1562
TR02,travel,gemma3_4b,13,4,516,144.4268,1.3575,0.7367,0.8028,0.1545,108.7059
TR02,travel,gemma3_4b,13,5,516,94.4242,1.1072,0.9032,0.9338,0.0924,135.2164
TR02,travel,gemma3_4b,13,6,516,288.3169,1.534,0.6519,0.6775,0.4064,110.7645
TR02,travel,gemma3_4b,13,7,516,393.5251,2.0757,0.4818,0.5113,0.3885,89.64
TR02,travel,gemma3_4b,14,0,516,185.5196,1.2801,0.7812,0.8123,0.3343,121.8783
TR02,travel,gemma3_4b,14,1,516,139.2267,1.1663,0.8574,0.8853,0.2398,133.4184
TR02,travel,gemma3_4b,14,2,516,236.9786,2.0799,0.4808,0.5888,0.2899,77.768
TR02,travel,gemma3_4b,14,3,516,262.6997,3.4955,0.2861,0.3962,0.3887,74.1108
TR02,travel,gemma3_4b,14,4,516,233.0078,2.1896,0.4567,0.5096,0.4533,84.875
TR02,travel,gemma3_4b,14,5,516,158.2843,1.7063,0.5861,0.6346,0.3777,95.3563
TR02,travel,gemma3_4b,14,6,516,221.2225,7.9508,0.1258,0.2901,0.3095,44.907
TR02,travel,gemma3_4b,14,7,516,494.3613,27.8008,0.036,0.0653,0.6957,35.869
TR02,travel,gemma3_4b,15,0,516,134.7467,1.1175,0.8949,0.9183,0.1649,132.9294
TR02,travel,gemma3_4b,15,1,516,127.4395,1.1345,0.8815,0.9055,0.1784,135.3103
TR02,travel,gemma3_4b,15,2,516,93.9315,1.0431,0.9587,0.9671,0.1496,148.3295
TR02,travel,gemma3_4b,15,3,516,184.5748,1.4105,0.709,0.7602,0.318,108.573
TR02,travel,gemma3_4b,15,4,516,158.3456,1.2548,0.797,0.8447,0.2136,126.7491
TR02,travel,gemma3_4b,15,5,516,133.6452,1.2888,0.7759,0.835,0.187,131.4983
TR02,travel,gemma3_4b,15,6,516,155.8986,1.5926,0.6279,0.7633,0.1709,111.6284
TR02,travel,gemma3_4b,15,7,516,180.6694,1.4782,0.6765,0.7754,0.2491,115.5513
TR02,travel,gemma3_4b,16,0,516,357.767,3.6717,0.2724,0.3065,0.6807,61.4323
TR02,travel,gemma3_4b,16,1,516,238.163,1.6093,0.6214,0.6851,0.3205,90.4904
TR02,travel,gemma3_4b,16,2,516,197.4095,1.5082,0.6631,0.7242,0.2904,76.8538
TR02,travel,gemma3_4b,16,3,516,146.4722,1.209,0.8272,0.8588,0.2478,115.6152
TR02,travel,gemma3_4b,16,4,516,158.5883,1.5764,0.6343,0.7549,0.2546,96.4546
TR02,travel,gemma3_4b,16,5,516,194.8025,1.4446,0.6922,0.7318,0.3463,94.0897
TR02,travel,gemma3_4b,16,6,516,122.7588,3.4569,0.2893,0.5515,0.1442,77.2373
TR02,travel,gemma3_4b,16,7,516,205.266,4.1771,0.2394,0.4462,0.2655,71.3353
TR02,travel,gemma3_4b,17,0,516,211.3326,1.8062,0.5537,0.6566,0.2632,107.7756
TR02,travel,gemma3_4b,17,1,516,213.1716,1.2607,0.7932,0.8447,0.182,116.6023
TR02,travel,gemma3_4b,17,2,516,159.8299,1.515,0.6601,0.7625,0.1734,114.5467
TR02,travel,gemma3_4b,17,3,516,256.2263,1.6623,0.6016,0.6486,0.3034,112.0242
TR02,travel,gemma3_4b,17,4,516,83.8495,1.0752,0.9301,0.9565,0.0981,159.5833
TR02,travel,gemma3_4b,17,5,516,42.7999,1.0328,0.9682,0.9772,0.0649,210.4173
TR02,travel,gemma3_4b,17,6,516,69.3085,1.0335,0.9676,0.9786,0.0589,186.1823
TR02,travel,gemma3_4b,17,7,516,56.3979,1.0687,0.9357,0.9676,0.0781,166.3418
TR02,travel,gemma3_4b,18,0,516,134.5582,1.145,0.8734,0.8937,0.252,155.5787
TR02,travel,gemma3_4b,18,1,516,141.1607,1.2089,0.8272,0.858,0.1413,138.1125
TR02,travel,gemma3_4b,18,2,516,224.1455,1.3451,0.7435,0.7746,0.2838,102.2299
TR02,travel,gemma3_4b,18,3,516,211.6092,1.4187,0.7049,0.7398,0.3764,83.3433
TR02,travel,gemma3_4b,18,4,516,274.6818,1.5682,0.6377,0.6605,0.4503,133.6634
TR02,travel,gemma3_4b,18,5,516,220.9958,1.3646,0.7328,0.7558,0.3847,132.242
TR02,travel,gemma3_4b,18,6,516,231.0988,1.5686,0.6375,0.6777,0.4035,84.6817
TR02,travel,gemma3_4b,18,7,516,237.0346,5.4581,0.1832,0.3123,0.5249,47.3105
TR02,travel,gemma3_4b,19,0,516,182.4245,1.1624,0.8603,0.8785,0.2614,120.6444
TR02,travel,gemma3_4b,19,1,516,111.0242,1.0724,0.9325,0.9452,0.1573,152.9723
TR02,travel,gemma3_4b,19,2,516,182.3828,1.2154,0.8228,0.8439,0.3489,119.1395
TR02,travel,gemma3_4b,19,3,516,107.7188,1.2369,0.8085,0.8483,0.1873,121.646
TR02,travel,gemma3_4b,19,4,516,286.152,1.9167,0.5217,0.585,0.3337,75.4064
TR02,travel,gemma3_4b,19,5,516,272.8113,2.9568,0.3382,0.409,0.389,71.4366
TR02,travel,gemma3_4b,19,6,516,126.2293,1.248,0.8013,0.8334,0.3017,148.3594
TR02,travel,gemma3_4b,19,7,516,162.9811,1.1091,0.9017,0.9188,0.1153,181.9419
TR02,travel,gemma3_4b,20,0,516,73.6992,1.0385,0.9629,0.9742,0.1179,176.1383
TR02,travel,gemma3_4b,20,1,516,171.5735,1.1945,0.8372,0.8663,0.23,119.6602
TR02,travel,gemma3_4b,20,2,516,129.6148,1.2379,0.8078,0.8586,0.2387,127.2082
TR02,travel,gemma3_4b,20,3,516,75.1579,1.0434,0.9584,0.9698,0.133,161.0504
TR02,travel,gemma3_4b,20,4,516,153.6448,1.2956,0.7718,0.8117,0.301,102.5884
TR02,travel,gemma3_4b,20,5,516,169.5199,1.3316,0.751,0.7742,0.3855,129.9062
TR02,travel,gemma3_4b,20,6,516,410.1161,2.1662,0.4616,0.4872,0.4361,99.0274
TR02,travel,gemma3_4b,20,7,516,289.2094,2.4424,0.4094,0.4561,0.5142,72.1805
TR02,travel,gemma3_4b,21,0,516,107.6405,1.0911,0.9165,0.9342,0.1313,156.8829
TR02,travel,gemma3_4b,21,1,516,47.6803,1.0455,0.9565,0.9738,0.1029,213.4501
TR02,travel,gemma3_4b,21,2,516,76.1341,1.0811,0.925,0.9509,0.0686,149.8959
TR02,travel,gemma3_4b,21,3,516,243.4747,1.4561,0.6868,0.7144,0.459,124.9672
TR02,travel,gemma3_4b,21,4,516,183.58,1.3197,0.7577,0.7833,0.3836,143.1676
TR02,travel,gemma3_4b,21,5,516,61.3988,1.0317,0.9693,0.977,0.146,204.0516
TR02,travel,gemma3_4b,21,6,516,77.9292,1.0765,0.9289,0.9529,0.0826,176.2287
TR02,travel,gemma3_4b,21,7,516,111.9495,1.0513,0.9512,0.9591,0.1633,160.0707
TR02,travel,gemma3_4b,22,0,516,269.7276,1.3428,0.7447,0.763,0.4007,115.4573
TR02,travel,gemma3_4b,22,1,516,408.0652,2.1382,0.4677,0.4822,0.5855,108.3112
TR02,travel,gemma3_4b,22,2,516,362.8967,1.7042,0.5868,0.6129,0.3974,97.6413
TR02,travel,gemma3_4b,22,3,516,328.1646,2.1658,0.4617,0.4911,0.5847,92.8057
TR02,travel,gemma3_4b,22,4,516,399.9184,1.9221,0.5203,0.5413,0.3747,103.012
TR02,travel,gemma3_4b,22,5,516,217.4368,1.4204,0.704,0.7705,0.2638,105.1082
TR02,travel,gemma3_4b,22,6,516,159.2733,1.1377,0.8789,0.8963,0.236,139.0325
TR02,travel,gemma3_4b,22,7,516,228.3179,1.2435,0.8042,0.8357,0.2203,122.8852
TR02,travel,gemma3_4b,23,0,516,61.7841,1.0388,0.9627,0.9733,0.0569,195.1204
TR02,travel,gemma3_4b,23,1,516,78.3939,1.079,0.9268,0.9409,0.055,195.3952
TR02,travel,gemma3_4b,23,2,516,167.0045,1.1949,0.8369,0.8759,0.1756,124.2375
TR02,travel,gemma3_4b,23,3,516,112.33,1.1455,0.873,0.9194,0.1122,157.4617
TR02,travel,gemma3_4b,23,4,516,16.1869,1.0054,0.9946,0.9967,0.0347,216.9793
TR02,travel,gemma3_4b,23,5,516,91.9746,1.0505,0.9519,0.9627,0.1784,192.7427
TR02,travel,gemma3_4b,23,6,516,37.1198,1.0179,0.9825,0.9891,0.061,217.9333
TR02,travel,gemma3_4b,23,7,516,37.4078,1.0236,0.977,0.9855,0.054,223.4873
TR02,travel,gemma3_4b,24,0,516,64.4332,1.0501,0.9523,0.9778,0.1107,145.0148
TR02,travel,gemma3_4b,24,1,516,68.5018,1.0714,0.9334,0.97,0.1224,172.0718
TR02,travel,gemma3_4b,24,2,516,58.0509,1.0481,0.9541,0.9666,0.0795,201.9924
TR02,travel,gemma3_4b,24,3,516,64.1981,1.0701,0.9345,0.9516,0.0739,196.1351
TR02,travel,gemma3_4b,24,4,516,139.4707,1.0918,0.9159,0.9297,0.2237,152.6883
TR02,travel,gemma3_4b,24,5,516,101.791,1.0495,0.9528,0.9631,0.1592,158.1777
TR02,travel,gemma3_4b,24,6,516,200.5242,1.173,0.8525,0.867,0.3158,143.2859
TR02,travel,gemma3_4b,24,7,516,91.8368,1.0269,0.9738,0.9804,0.1285,199.2182
TR02,travel,gemma3_4b,25,0,516,95.5991,1.1315,0.8838,0.9186,0.092,169.0197
TR02,travel,gemma3_4b,25,1,516,34.7269,1.0266,0.9741,0.9841,0.0582,197.6312
TR02,travel,gemma3_4b,25,2,516,77.8445,1.0177,0.9826,0.9853,0.1143,187.5176
TR02,travel,gemma3_4b,25,3,516,192.8468,1.2583,0.7947,0.8155,0.3408,129.8288
TR02,travel,gemma3_4b,25,4,516,198.5839,1.1681,0.8561,0.8715,0.2111,162.6069
TR02,travel,gemma3_4b,25,5,516,66.4289,1.043,0.9588,0.9689,0.1122,201.6908
TR02,travel,gemma3_4b,25,6,516,52.9986,1.022,0.9785,0.983,0.12,208.4524
TR02,travel,gemma3_4b,25,7,516,81.0059,1.0556,0.9473,0.9567,0.1606,209.2116
TR02,travel,gemma3_4b,26,0,516,17.9088,1.0059,0.9942,0.9963,0.0428,221.4528
TR02,travel,gemma3_4b,26,1,516,22.4785,1.0111,0.989,0.993,0.0418,215.3152
TR02,travel,gemma3_4b,26,2,516,30.2279,1.0346,0.9665,0.9894,0.0783,210.8013
TR02,travel,gemma3_4b,26,3,516,178.3352,1.1469,0.8719,0.8839,0.2403,160.5093
TR02,travel,gemma3_4b,26,4,516,17.1855,1.011,0.9891,0.9946,0.0318,219.3257
TR02,travel,gemma3_4b,26,5,516,41.0065,1.0387,0.9628,0.9758,0.0434,200.2852
TR02,travel,gemma3_4b,26,6,516,16.779,1.0274,0.9733,0.9876,0.0361,208.4153
TR02,travel,gemma3_4b,26,7,516,75.0681,1.0333,0.9678,0.975,0.1299,155.2625
TR02,travel,gemma3_4b,27,0,516,28.1324,1.007,0.9931,0.9964,0.0682,241.8784
TR02,travel,gemma3_4b,27,1,516,192.9617,1.1959,0.8362,0.8534,0.2926,138.0911
TR02,travel,gemma3_4b,27,2,516,29.299,1.0633,0.9405,0.961,0.0868,188.581
TR02,travel,gemma3_4b,27,3,516,170.5395,1.0958,0.9126,0.9217,0.2112,202.6437
TR02,travel,gemma3_4b,27,4,516,81.8618,1.065,0.939,0.9463,0.1457,235.5316
TR02,travel,gemma3_4b,27,5,516,251.2072,1.1834,0.845,0.8561,0.2949,190.6807
TR02,travel,gemma3_4b,27,6,516,131.7663,1.0719,0.9329,0.9491,0.141,161.2947
TR02,travel,gemma3_4b,27,7,516,171.967,1.1193,0.8934,0.9078,0.2054,151.2092
TR02,travel,gemma3_4b,28,0,516,201.9335,1.1676,0.8565,0.8741,0.2796,142.1625
TR02,travel,gemma3_4b,28,1,516,16.3032,1.0072,0.9929,0.996,0.0441,229.158
TR02,travel,gemma3_4b,28,2,516,296.7224,1.2354,0.8094,0.8221,0.3672,162.6839
TR02,travel,gemma3_4b,28,3,516,253.0687,1.1743,0.8515,0.8608,0.3234,170.2099
TR02,travel,gemma3_4b,28,4,516,67.5077,1.044,0.9579,0.9678,0.14,204.144
TR02,travel,gemma3_4b,28,5,516,112.7659,1.0695,0.9351,0.9453,0.175,175.0574
TR02,travel,gemma3_4b,28,6,516,5.3442,1.0008,0.9992,0.9995,0.0284,240.3682
TR02,travel,gemma3_4b,28,7,516,6.1819,1.0056,0.9945,0.9988,0.0333,241.262
TR02,travel,gemma3_4b,29,0,516,41.8119,1.0196,0.9808,0.9865,0.0487,204.4383
TR02,travel,gemma3_4b,29,1,516,18.6661,1.0152,0.9851,0.9919,0.0272,218.9375
TR02,travel,gemma3_4b,29,2,516,13.5565,1.0051,0.9949,0.9967,0.0305,228.0402
TR02,travel,gemma3_4b,29,3,516,11.9645,1.0059,0.9941,0.9973,0.0288,227.8687
TR02,travel,gemma3_4b,29,4,516,36.3867,1.025,0.9756,0.9834,0.0455,209.0832
TR02,travel,gemma3_4b,29,5,516,24.8843,1.0104,0.9897,0.9932,0.0412,219.5186
TR02,travel,gemma3_4b,29,6,516,31.3794,1.0202,0.9802,0.9855,0.0868,243.441
TR02,travel,gemma3_4b,29,7,516,36.3219,1.0148,0.9854,0.9908,0.1209,231.5344
TR02,travel,gemma3_4b,30,0,516,17.2125,1.0081,0.992,0.9964,0.044,213.721
TR02,travel,gemma3_4b,30,1,516,116.2246,1.0907,0.9169,0.9299,0.1795,163.963
TR02,travel,gemma3_4b,30,2,516,27.6115,1.0118,0.9883,0.9925,0.0489,215.4532
TR02,travel,gemma3_4b,30,3,516,35.493,1.0173,0.9829,0.9911,0.0637,208.7776
TR02,travel,gemma3_4b,30,4,516,131.7929,1.0873,0.9197,0.9309,0.1935,157.4707
TR02,travel,gemma3_4b,30,5,516,44.094,1.016,0.9842,0.9887,0.0726,190.003
TR02,travel,gemma3_4b,30,6,516,66.3188,1.0208,0.9797,0.9843,0.0995,183.0379
TR02,travel,gemma3_4b,30,7,516,49.3045,1.0146,0.9856,0.9899,0.0781,190.7024
TR02,travel,gemma3_4b,31,0,516,11.2393,1.0039,0.9961,0.9987,0.0528,236.8379
TR02,travel,gemma3_4b,31,1,516,3.2424,1.0004,0.9996,0.9998,0.0255,246.8914
TR02,travel,gemma3_4b,31,2,516,275.1437,1.2028,0.8314,0.8426,0.2749,164.0243
TR02,travel,gemma3_4b,31,3,516,292.1409,1.6311,0.6131,0.6422,0.4306,90.9269
TR02,travel,gemma3_4b,31,4,516,252.9503,1.1267,0.8875,0.8932,0.2291,174.2363
TR02,travel,gemma3_4b,31,5,516,303.6094,3.1319,0.3193,0.3912,0.3815,73.4007
TR02,travel,gemma3_4b,31,6,516,302.8799,1.2674,0.789,0.8006,0.2864,149.8823
TR02,travel,gemma3_4b,31,7,516,335.4454,1.7225,0.5806,0.6119,0.3993,94.621
TR02,travel,gemma3_4b,32,0,516,68.1756,1.045,0.957,0.9642,0.1346,195.4212
TR02,travel,gemma3_4b,32,1,516,41.9155,1.0246,0.976,0.9836,0.0795,187.6019
TR02,travel,gemma3_4b,32,2,516,392.885,2.3997,0.4167,0.43,0.5417,115.5774
TR02,travel,gemma3_4b,32,3,516,168.9321,1.1027,0.9069,0.9175,0.2076,178.2299
TR02,travel,gemma3_4b,32,4,516,87.1188,1.0818,0.9244,0.9339,0.1899,223.1475
TR02,travel,gemma3_4b,32,5,516,174.3834,1.1017,0.9077,0.9212,0.2737,173.9421
TR02,travel,gemma3_4b,32,6,516,205.7049,1.1411,0.8763,0.8874,0.3035,165.8733
TR02,travel,gemma3_4b,32,7,516,160.4955,1.1552,0.8656,0.8742,0.2371,210.4717
TR02,travel,gemma3_4b,33,0,516,161.052,1.1052,0.9048,0.9267,0.2039,141.9452
TR02,travel,gemma3_4b,33,1,516,22.5441,1.0139,0.9863,0.994,0.0701,218.6333
TR02,travel,gemma3_4b,33,2,516,359.5728,1.743,0.5737,0.599,0.5218,107.4861
TR02,travel,gemma3_4b,33,3,516,241.8539,1.1163,0.8958,0.9084,0.2312,176.2036
TR02,travel,gemma3_4b,33,4,516,219.5231,1.1488,0.8704,0.8787,0.2394,184.8637
TR02,travel,gemma3_4b,33,5,516,348.9614,2.3867,0.419,0.4471,0.537,67.7745
TR02,travel,gemma3_4b,33,6,516,331.68,3.669,0.2726,0.3155,0.5583,52.4872
TR02,travel,gemma3_4b,33,7,516,510.5051,108.6968,0.0092,0.0181,0.9456,12.0695
TR05,travel,gemma3_4b,0,0,542,138.8865,1.3298,0.752,0.8011,0.1163,91.4738
TR05,travel,gemma3_4b,0,1,542,267.6769,4.4279,0.2258,0.2794,0.2359,79.3635
TR05,travel,gemma3_4b,0,2,542,258.6918,3.1102,0.3215,0.3863,0.3073,46.6587
TR05,travel,gemma3_4b,0,3,542,112.7879,1.6786,0.5957,0.8004,0.0842,93.3449
TR05,travel,gemma3_4b,0,4,542,416.4359,90.9874,0.011,0.0438,0.9323,3.0231
TR05,travel,gemma3_4b,0,5,542,211.9778,8.0394,0.1244,0.2996,0.2511,44.003
TR05,travel,gemma3_4b,0,6,542,352.7023,3.3347,0.2999,0.3139,0.5205,106.7274
TR05,travel,gemma3_4b,0,7,542,273.5842,2.0575,0.486,0.5107,0.4134,127.2447
TR05,travel,gemma3_4b,1,0,542,211.4872,1.4741,0.6784,0.6903,0.3138,175.6884
TR05,travel,gemma3_4b,1,1,542,221.2104,1.5774,0.6339,0.6513,0.3429,160.3664
TR05,travel,gemma3_4b,1,2,542,195.4045,2.0478,0.4883,0.6615,0.1775,94.8927
TR05,travel,gemma3_4b,1,3,542,73.7214,1.086,0.9208,0.9612,0.077,129.2464
TR05,travel,gemma3_4b,1,4,542,288.1383,5.8472,0.171,0.2406,0.4411,55.3199
TR05,travel,gemma3_4b,1,5,542,115.6696,1.1943,0.8373,0.8668,0.0278,172.1918
TR05,travel,gemma3_4b,1,6,542,79.7245,1.0956,0.9128,0.9327,0.1063,162.4639
TR05,travel,gemma3_4b,1,7,542,103.9343,1.1197,0.8931,0.906,0.1361,185.1784
TR05,travel,gemma3_4b,2,0,542,101.2592,1.1127,0.8987,0.9146,0.1663,219.1377
TR05,travel,gemma3_4b,2,1,542,189.7793,1.6025,0.624,0.6714,0.3235,140.6282
TR05,travel,gemma3_4b,2,2,542,404.6827,3.2345,0.3092,0.3272,0.6534,88.1165
TR05,travel,gemma3_4b,2,3,542,326.226,1.8289,0.5468,0.5729,0.5122,118.3851
TR05,travel,gemma3_4b,2,4,542,376.2298,2.3948,0.4176,0.458,0.3189,96.3244
TR05,travel,gemma3_4b,2,5,542,288.9377,2.922,0.3422,0.3797,0.5072,102.1389
TR05,travel,gemma3_4b,2,6,542,205.7046,5.5241,0.181,0.2764,0.4982,21.7982
TR05,travel,gemma3_4b,2,7,542,205.99,1.4341,0.6973,0.7368,0.0993,90.1514
TR05,travel,gemma3_4b,3,0,542,189.1686,1.5236,0.6563,0.7072,0.3584,142.5503
TR05,travel,gemma3_4b,3,1,542,184.94,1.2682,0.7885,0.8173,0.2488,132.8716
TR05,travel,gemma3_4b,3,2,542,179.1112,1.2352,0.8096,0.8291,0.3115,153.6261
TR05,travel,gemma3_4b,3,3,542,280.1852,2.8184,0.3548,0.3956,0.5487,102.4405
TR05,travel,gemma3_4b,3,4,542,243.6165,1.6037,0.6236,0.6492,0.449,115.2069
TR05,travel,gemma3_4b,3,5,542,281.3231,1.729,0.5784,0.6161,0.3644,93.3881
TR05,travel,gemma3_4b,3,6,542,163.4853,1.978,0.5056,0.579,0.2929,91.5734
TR05,travel,gemma3_4b,3,7,542,246.7734,1.8036,0.5544,0.5937,0.3877,128.3748
TR05,travel,gemma3_4b,4,0,542,202.4048,1.7216,0.5809,0.6947,0.1892,78.3312
TR05,travel,gemma3_4b,4,1,542,208.0678,4.9033,0.2039,0.4619,0.3075,57.3355
TR05,travel,gemma3_4b,4,2,542,157.6712,1.3053,0.7661,0.7906,0.0394,158.3934
TR05,travel,gemma3_4b,4,3,542,257.9541,1.4331,0.6978,0.7272,0.2805,104.2997
TR05,travel,gemma3_4b,4,4,542,153.85,3.5064,0.2852,0.4425,0.3023,34.7348
TR05,travel,gemma3_4b,4,5,542,293.5087,5.0757,0.197,0.2434,0.7011,43.6273
TR05,travel,gemma3_4b,4,6,542,523.9958,161.3568,0.0062,0.0215,0.9049,11.9269
TR05,travel,gemma3_4b,4,7,542,95.6512,1.8617,0.5372,0.8425,0.0659,103.2715
TR05,travel,gemma3_4b,5,0,542,199.6887,1.2551,0.7967,0.8162,0.1029,155.7468
TR05,travel,gemma3_4b,5,1,542,76.7839,1.0638,0.94,0.9508,0.041,221.9778
TR05,travel,gemma3_4b,5,2,542,72.9739,1.0748,0.9304,0.9453,0.0435,224.9094
TR05,travel,gemma3_4b,5,3,542,94.6933,1.1028,0.9068,0.9205,0.0222,216.763
TR05,travel,gemma3_4b,5,4,542,250.4488,2.2151,0.4514,0.5105,0.4533,89.3053
TR05,travel,gemma3_4b,5,5,542,76.2604,1.0456,0.9564,0.9724,0.0594,160.4544
TR05,travel,gemma3_4b,5,6,542,173.505,1.2261,0.8156,0.8712,0.1054,117.8612
TR05,travel,gemma3_4b,5,7,542,101.551,1.3159,0.7599,0.8651,0.133,143.9841
TR05,travel,gemma3_4b,6,0,542,95.6664,1.0768,0.9287,0.9429,0.1027,149.7535
TR05,travel,gemma3_4b,6,1,542,182.6429,1.2284,0.8141,0.8394,0.2947,130.113
TR05,travel,gemma3_4b,6,2,542,171.0765,2.1084,0.4743,0.6732,0.1995,107.4308
TR05,travel,gemma3_4b,6,3,542,148.557,1.9992,0.5002,0.7634,0.1586,109.3722
TR05,travel,gemma3_4b,6,4,542,139.3046,1.1227,0.8907,0.9201,0.0531,157.6632
TR05,travel,gemma3_4b,6,5,542,67.6073,1.0339,0.9672,0.9794,0.0899,141.3001
TR05,travel,gemma3_4b,6,6,542,245.7916,1.9882,0.503,0.5536,0.4479,95.8403
TR05,travel,gemma3_4b,6,7,542,329.2726,1.432,0.6983,0.7252,0.3428,103.078
TR05,travel,gemma3_4b,7,0,542,411.3477,2.8374,0.3524,0.3743,0.6424,93.0811
TR05,travel,gemma3_4b,7,1,542,335.0659,2.0212,0.4948,0.5235,0.5652,100.0362
TR05,travel,gemma3_4b,7,2,542,148.1986,1.7699,0.565,0.6239,0.3559,96.8856
TR05,travel,gemma3_4b,7,3,542,271.829,1.8373,0.5443,0.5781,0.4573,110.3064
TR05,travel,gemma3_4b,7,4,542,128.616,1.7297,0.5781,0.7863,0.1142,102.2744
TR05,travel,gemma3_4b,7,5,542,200.4204,3.535,0.2829,0.3783,0.4322,70.4253
TR05,travel,gemma3_4b,7,6,542,159.8307,1.233,0.811,0.8527,0.1515,102.8784
TR05,travel,gemma3_4b,7,7,542,237.1019,2.0984,0.4766,0.5404,0.1955,78.7256
TR05,travel,gemma3_4b,8,0,542,217.4792,1.3364,0.7483,0.7864,0.3214,120.8301
TR05,travel,gemma3_4b,8,1,542,350.9495,1.8135,0.5514,0.5912,0.3327,97.0737
TR05,travel,gemma3_4b,8,2,542,230.2071,1.5215,0.6572,0.697,0.3772,118.1933
TR05,travel,gemma3_4b,8,3,542,138.4006,1.0986,0.9102,0.9192,0.2474,164.1986
TR05,travel,gemma3_4b,8,4,542,179.583,1.8741,0.5336,0.6565,0.2157,87.5374
TR05,travel,gemma3_4b,8,5,542,176.0081,1.4124,0.708,0.7618,0.2751,119.2367
TR05,travel,gemma3_4b,8,6,542,209.894,2.072,0.4826,0.5642,0.2848,67.3462
TR05,travel,gemma3_4b,8,7,542,258.2481,2.0525,0.4872,0.5354,0.4963,99.2479
TR05,travel,gemma3_4b,9,0,542,211.8242,2.5688,0.3893,0.5037,0.284,89.114
TR05,travel,gemma3_4b,9,1,542,227.1168,1.6824,0.5944,0.6558,0.3133,101.8529
TR05,travel,gemma3_4b,9,2,542,128.8431,1.3588,0.7359,0.8389,0.0878,115.1712
TR05,travel,gemma3_4b,9,3,542,191.1196,1.9252,0.5194,0.6402,0.1148,114.2127
TR05,travel,gemma3_4b,9,4,542,149.948,2.1094,0.4741,0.6251,0.1593,102.5358
TR05,travel,gemma3_4b,9,5,542,196.6251,2.4178,0.4136,0.561,0.2323,86.1007
TR05,travel,gemma3_4b,9,6,542,110.6985,1.0756,0.9297,0.9456,0.0886,126.9746
TR05,travel,gemma3_4b,9,7,542,189.3221,1.4461,0.6915,0.7384,0.1348,109.9594
TR05,travel,gemma3_4b,10,0,542,253.4566,3.0509,0.3278,0.3843,0.4788,58.738
TR05,travel,gemma3_4b,10,1,542,435.9878,3.9014,0.2563,0.2808,0.6885,76.0501
TR05,travel,gemma3_4b,10,2,542,106.0795,1.1356,0.8806,0.9361,0.0957,135.215
TR05,travel,gemma3_4b,10,3,542,125.4924,1.1028,0.9068,0.9281,0.1586,137.8413
TR05,travel,gemma3_4b,10,4,542,121.4265,1.2783,0.7823,0.8632,0.154,105.847
TR05,travel,gemma3_4b,10,5,542,237.2128,1.2622,0.7923,0.8354,0.2202,105.434
TR05,travel,gemma3_4b,10,6,542,183.5929,1.4086,0.7099,0.7468,0.3189,103.6328
TR05,travel,gemma3_4b,10,7,542,134.4452,1.1688,0.8556,0.8935,0.2352,135.1707
TR05,travel,gemma3_4b,11,0,542,125.3346,1.1247,0.8891,0.9288,0.1018,131.0394
TR05,travel,gemma3_4b,11,1,542,65.2724,1.0446,0.9573,0.9686,0.0805,190.7767
TR05,travel,gemma3_4b,11,2,542,304.5397,1.6296,0.6136,0.6595,0.2556,127.1916
TR05,travel,gemma3_4b,11,3,542,150.994,1.1243,0.8894,0.9238,0.1164,142.9353
TR05,travel,gemma3_4b,11,4,542,216.8956,1.4556,0.687,0.7295,0.1126,129.6923
TR05,travel,gemma3_4b,11,5,542,42.8594,1.0484,0.9539,0.9701,0.0353,237.0801
TR05,travel,gemma3_4b,11,6,542,179.6715,2.9316,0.3411,0.5382,0.1664,100.1425
TR05,travel,gemma3_4b,11,7,542,180.3719,3.7161,0.2691,0.5886,0.1711,102.826
TR05,travel,gemma3_4b,12,0,542,138.4135,1.231,0.8123,0.8625,0.1068,126.3142
TR05,travel,gemma3_4b,12,1,542,151.3209,1.4313,0.6987,0.7786,0.0735,120.8648
TR05,travel,gemma3_4b,12,2,542,292.1619,8.2176,0.1217,0.1986,0.536,39.8014
TR05,travel,gemma3_4b,12,3,542,183.5326,1.718,0.5821,0.6831,0.2049,75.4197
TR05,travel,gemma3_4b,12,4,542,182.4731,3.503,0.2855,0.4911,0.2342,74.4096
TR05,travel,gemma3_4b,12,5,542,295.8934,1.8499,0.5406,0.5939,0.3278,94.9697
TR05,travel,gemma3_4b,12,6,542,240.3065,3.2037,0.3121,0.408,0.2861,73.1883
TR05,travel,gemma3_4b,12,7,542,220.276,2.0346,0.4915,0.5565,0.3343,97.9727
TR05,travel,gemma3_4b,13,0,542,290.1795,1.9696,0.5077,0.5414,0.5599,99.5732
TR05,travel,gemma3_4b,13,1,542,316.9747,2.0316,0.4922,0.5196,0.5671,93.0896
TR05,travel,gemma3_4b,13,2,542,129.772,1.0915,0.9162,0.9327,0.1087,142.9637
TR05,travel,gemma3_4b,13,3,542,213.254,1.8881,0.5296,0.5961,0.2222,84.6773
TR05,travel,gemma3_4b,13,4,542,157.297,1.4225,0.703,0.7684,0.1591,108.221
TR05,travel,gemma3_4b,13,5,542,107.7115,1.1347,0.8813,0.9141,0.092,138.6629
TR05,travel,gemma3_4b,13,6,542,326.3367,1.5602,0.6409,0.6694,0.4136,114.7261
TR05,travel,gemma3_4b,13,7,542,410.6204,2.042,0.4897,0.5173,0.3756,94.6105
TR05,travel,gemma3_4b,14,0,542,198.8057,1.2829,0.7795,0.8078,0.337,131.7166
TR05,travel,gemma3_4b,14,1,542,156.0591,1.2145,0.8234,0.8644,0.253,129.9711
TR05,travel,gemma3_4b,14,2,542,257.0028,2.2237,0.4497,0.5481,0.2931,79.3326
TR05,travel,gemma3_4b,14,3,542,274.7294,3.6127,0.2768,0.371,0.3746,76.4169
TR05,travel,gemma3_4b,14,4,542,231.9372,1.9162,0.5219,0.5633,0.4353,103.7225
TR05,travel,gemma3_4b,14,5,542,167.6505,1.8057,0.5538,0.5985,0.4042,97.3659
TR05,travel,gemma3_4b,14,6,542,234.568,8.0952,0.1235,0.2685,0.3128,44.8951
TR05,travel,gemma3_4b,14,7,542,521.3878,23.4276,0.0427,0.0676,0.6956,39.9404
TR05,travel,gemma3_4b,15,0,542,158.4966,1.1536,0.8668,0.8988,0.1868,130.5186
TR05,travel,gemma3_4b,15,1,542,143.1393,1.1435,0.8745,0.9002,0.1795,136.2363
TR05,travel,gemma3_4b,15,2,542,98.6868,1.0406,0.9609,0.9682,0.1482,160.4515
TR05,travel,gemma3_4b,15,3,542,194.1544,1.3973,0.7157,0.7635,0.319,117.4917
TR05,travel,gemma3_4b,15,4,542,167.5183,1.2783,0.7823,0.8267,0.2221,129.2255
TR05,travel,gemma3_4b,15,5,542,151.7032,1.4253,0.7016,0.8083,0.1855,127.3765
TR05,travel,gemma3_4b,15,6,542,170.9618,1.8103,0.5524,0.701,0.1813,105.3867
TR05,travel,gemma3_4b,15,7,542,195.5466,1.6184,0.6179,0.7084,0.2478,110.3892
TR05,travel,gemma3_4b,16,0,542,377.2262,3.8135,0.2622,0.2961,0.6903,63.0279
TR05,travel,gemma3_4b,16,1,542,257.8615,1.6007,0.6247,0.6957,0.3174,91.6728
TR05,travel,gemma3_4b,16,2,542,209.6411,1.5532,0.6438,0.6996,0.301,77.2062
TR05,travel,gemma3_4b,16,3,542,163.2459,1.2256,0.8159,0.8441,0.2549,112.8885
TR05,travel,gemma3_4b,16,4,542,165.342,1.534,0.6519,0.7518,0.256,103.7218
TR05,travel,gemma3_4b,16,5,542,210.7993,1.4736,0.6786,0.7237,0.3418,95.5283
TR05,travel,gemma3_4b,16,6,542,126.1293,3.7975,0.2633,0.5708,0.1536,79.5561
TR05,travel,gemma3_4b,16,7,542,218.5012,4.0997,0.2439,0.4914,0.2579,72.8301
TR05,travel,gemma3_4b,17,0,542,224.0192,1.7733,0.5639,0.6696,0.249,109.8912
TR05,travel,gemma3_4b,17,1,542,240.0797,1.2945,0.7725,0.8284,0.1862,116.7624
TR05,travel,gemma3_4b,17,2,542,168.3862,1.552,0.6443,0.7676,0.1583,117.4573
TR05,travel,gemma3_4b,17,3,542,270.8932,1.7792,0.5621,0.6199,0.2948,110.8768
TR05,travel,gemma3_4b,17,4,542,85.6834,1.0798,0.9261,0.9533,0.0811,175.3206
TR05,travel,gemma3_4b,17,5,542,49.3092,1.0483,0.954,0.971,0.0627,217.8563
TR05,travel,gemma3_4b,17,6,542,70.7661,1.0355,0.9658,0.9784,0.0576,201.6452
TR05,travel,gemma3_4b,17,7,542,64.1208,1.0846,0.922,0.961,0.0812,174.3028
TR05,travel,gemma3_4b,18,0,542,145.5708,1.1318,0.8836,0.9003,0.2472,169.5395
TR05,travel,gemma3_4b,18,1,542,146.3495,1.1978,0.8349,0.8622,0.1475,149.1302
TR05,travel,gemma3_4b,18,2,542,244.6839,1.3748,0.7274,0.7611,0.273,104.8928
TR05,travel,gemma3_4b,18,3,542,213.4263,1.3702,0.7298,0.7593,0.3649,95.9248
TR05,travel,gemma3_4b,18,4,542,279.6586,1.4933,0.6697,0.692,0.4346,147.2068
TR05,travel,gemma3_4b,18,5,542,229.9928,1.312,0.7622,0.7816,0.3769,144.6113
TR05,travel,gemma3_4b,18,6,542,243.933,1.5537,0.6436,0.6811,0.4096,94.6955
TR05,travel,gemma3_4b,18,7,542,257.9846,5.995,0.1668,0.2594,0.5556,42.6909
TR05,travel,gemma3_4b,19,0,542,205.4542,1.1911,0.8395,0.8574,0.2755,120.4229
TR05,travel,gemma3_4b,19,1,542,131.9398,1.0793,0.9265,0.94,0.1565,155.7012
TR05,travel,gemma3_4b,19,2,542,198.354,1.2327,0.8113,0.8326,0.3582,124.49
TR05,travel,gemma3_4b,19,3,542,118.5442,1.3206,0.7572,0.8081,0.2077,120.9243
TR05,travel,gemma3_4b,19,4,542,307.7759,2.0719,0.4826,0.5513,0.3341,79.2072
TR05,travel,gemma3_4b,19,5,542,286.3762,3.0675,0.326,0.399,0.4021,67.9429
TR05,travel,gemma3_4b,19,6,542,126.1488,1.2401,0.8064,0.8393,0.2923,161.0408
TR05,travel,gemma3_4b,19,7,542,191.9923,1.1544,0.8662,0.8804,0.1225,183.0792
TR05,travel,gemma3_4b,20,0,542,82.5455,1.0409,0.9607,0.9707,0.1225,178.3674
TR05,travel,gemma3_4b,20,1,542,185.6329,1.2055,0.8296,0.8583,0.2335,121.469
TR05,travel,gemma3_4b,20,2,542,141.6077,1.2704,0.7871,0.8442,0.2491,133.0125
TR05,travel,gemma3_4b,20,3,542,81.8917,1.0436,0.9583,0.9666,0.1402,165.231
TR05,travel,gemma3_4b,20,4,542,157.0001,1.2987,0.77,0.807,0.3035,107.5779
TR05,travel,gemma3_4b,20,5,542,179.9723,1.3405,0.746,0.7703,0.3851,138.8014
TR05,travel,gemma3_4b,20,6,542,425.0606,1.9615,0.5098,0.5359,0.4218,110.9829
TR05,travel,gemma3_4b,20,7,542,308.069,2.4193,0.4133,0.4512,0.5218,75.2062
TR05,travel,gemma3_4b,21,0,542,119.3136,1.1056,0.9045,0.922,0.1367,160.8353
TR05,travel,gemma3_4b,21,1,542,48.9773,1.0468,0.9553,0.976,0.1019,222.9597
TR05,travel,gemma3_4b,21,2,542,80.9248,1.0883,0.9189,0.9472,0.0656,159.0638
TR05,travel,gemma3_4b,21,3,542,250.5189,1.4061,0.7112,0.7359,0.4441,135.9922
TR05,travel,gemma3_4b,21,4,542,178.6723,1.2456,0.8028,0.8279,0.3543,163.1586
TR05,travel,gemma3_4b,21,5,542,67.9614,1.0316,0.9693,0.9765,0.1461,213.6632
TR05,travel,gemma3_4b,21,6,542,83.8876,1.0838,0.9226,0.9483,0.077,180.3116
TR05,travel,gemma3_4b,21,7,542,118.1182,1.0525,0.9502,0.9588,0.1621,168.7793
TR05,travel,gemma3_4b,22,0,542,283.005,1.3709,0.7295,0.7477,0.4098,116.9792
TR05,travel,gemma3_4b,22,1,542,436.1471,2.1924,0.4561,0.4707,0.5887,110.5548
TR05,travel,gemma3_4b,22,2,542,383.9249,1.6722,0.598,0.6235,0.3996,105.7887
TR05,travel,gemma3_4b,22,3,542,341.3706,2.0569,0.4862,0.5144,0.5722,101.1044
TR05,travel,gemma3_4b,22,4,542,418.704,1.7944,0.5573,0.5759,0.3707,113.1315
TR05,travel,gemma3_4b,22,5,542,225.5404,1.4705,0.6801,0.7579,0.2637,104.1662
TR05,travel,gemma3_4b,22,6,542,165.8326,1.1458,0.8727,0.8922,0.2296,146.5277
TR05,travel,gemma3_4b,22,7,542,265.0492,1.2896,0.7755,0.8036,0.2331,121.8595
TR05,travel,gemma3_4b,23,0,542,76.3109,1.0535,0.9492,0.9612,0.0556,199.1146
TR05,travel,gemma3_4b,23,1,542,88.9153,1.1138,0.8978,0.9123,0.0458,205.8056
TR05,travel,gemma3_4b,23,2,542,185.6912,1.1906,0.8399,0.8705,0.1738,129.8522
TR05,travel,gemma3_4b,23,3,542,125.7525,1.1485,0.8707,0.9138,0.1172,162.1437
TR05,travel,gemma3_4b,23,4,542,15.7252,1.0049,0.9951,0.9969,0.0342,232.231
TR05,travel,gemma3_4b,23,5,542,98.2688,1.0477,0.9545,0.9643,0.1763,205.4547
TR05,travel,gemma3_4b,23,6,542,56.0603,1.0275,0.9732,0.9811,0.0687,217.9744
TR05,travel,gemma3_4b,23,7,542,50.4862,1.0288,0.972,0.9799,0.0603,230.104
TR05,travel,gemma3_4b,24,0,542,71.3969,1.0554,0.9475,0.9736,0.1116,148.5371
TR05,travel,gemma3_4b,24,1,542,82.8495,1.0906,0.917,0.961,0.1337,170.2827
TR05,travel,gemma3_4b,24,2,542,60.6333,1.0479,0.9543,0.9665,0.0776,212.1316
TR05,travel,gemma3_4b,24,3,542,49.423,1.0427,0.959,0.9703,0.0578,217.151
TR05,travel,gemma3_4b,24,4,542,147.6862,1.094,0.9141,0.9258,0.2256,156.0857
TR05,travel,gemma3_4b,24,5,542,115.7177,1.0524,0.9502,0.9594,0.1677,166.4463
TR05,travel,gemma3_4b,24,6,542,211.6039,1.1642,0.859,0.8717,0.3063,150.1666
TR05,travel,gemma3_4b,24,7,542,104.1861,1.0279,0.9729,0.9776,0.1345,206.4819
TR05,travel,gemma3_4b,25,0,542,112.8683,1.1563,0.8648,0.8944,0.0879,177.7816
TR05,travel,gemma3_4b,25,1,542,33.293,1.0255,0.9751,0.9854,0.054,207.187
TR05,travel,gemma3_4b,25,2,542,80.1224,1.0222,0.9783,0.9829,0.1174,197.6326
TR05,travel,gemma3_4b,25,3,542,212.6537,1.2468,0.802,0.8265,0.3321,137.8332
TR05,travel,gemma3_4b,25,4,542,212.3565,1.1708,0.8541,0.8723,0.2148,169.6594
TR05,travel,gemma3_4b,25,5,542,57.5971,1.0337,0.9674,0.9748,0.1001,222.1159
TR05,travel,gemma3_4b,25,6,542,55.2889,1.0236,0.977,0.9822,0.1156,217.5845
TR05,travel,gemma3_4b,25,7,542,83.3932,1.0539,0.9488,0.9577,0.1594,217.3841
TR05,travel,gemma3_4b,26,0,542,18.1851,1.0053,0.9947,0.9965,0.0407,235.5352
TR05,travel,gemma3_4b,26,1,542,21.3029,1.0108,0.9894,0.9949,0.0403,228.1354
TR05,travel,gemma3_4b,26,2,542,41.0998,1.0398,0.9617,0.9863,0.0912,210.6086
TR05,travel,gemma3_4b,26,3,542,193.9474,1.1846,0.8441,0.8641,0.2592,160.772
TR05,travel,gemma3_4b,26,4,542,20.1045,1.0141,0.9861,0.9939,0.0329,229.2414
TR05,travel,gemma3_4b,26,5,542,47.0401,1.0485,0.9537,0.9732,0.0429,207.4621
TR05,travel,gemma3_4b,26,6,542,19.6098,1.0335,0.9676,0.9838,0.0406,217.9004
TR05,travel,gemma3_4b,26,7,542,73.5954,1.0287,0.9721,0.9786,0.1229,166.6944
TR05,travel,gemma3_4b,27,0,542,24.9872,1.0061,0.994,0.9971,0.063,255.7846
TR05,travel,gemma3_4b,27,1,542,205.0589,1.2023,0.8317,0.8495,0.2857,140.7048
TR05,travel,gemma3_4b,27,2,542,34.8505,1.0879,0.9192,0.9481,0.0955,189.9515
TR05,travel,gemma3_4b,27,3,542,185.2783,1.0894,0.918,0.9268,0.2126,211.8604
TR05,travel,gemma3_4b,27,4,542,82.6548,1.0647,0.9392,0.9456,0.1391,247.4246
TR05,travel,gemma3_4b,27,5,542,262.4214,1.1953,0.8366,0.8474,0.2958,199.3797
TR05,travel,gemma3_4b,27,6,542,150.7888,1.0743,0.9308,0.9412,0.1434,165.9281
TR05,travel,gemma3_4b,27,7,542,179.0423,1.1125,0.8989,0.9134,0.2049,163.589
TR05,travel,gemma3_4b,28,0,542,228.7062,1.1892,0.8409,0.8588,0.2908,141.2773
TR05,travel,gemma3_4b,28,1,542,18.7324,1.0082,0.9918,0.9946,0.0437,239.3
TR05,travel,gemma3_4b,28,2,542,318.5785,1.2181,0.821,0.8299,0.3641,171.0698
TR05,travel,gemma3_4b,28,3,542,275.8678,1.1791,0.8481,0.856,0.3279,177.6202
TR05,travel,gemma3_4b,28,4,542,64.742,1.05,0.9524,0.962,0.1377,217.9988
TR05,travel,gemma3_4b,28,5,542,105.2481,1.0534,0.9493,0.9566,0.1577,190.396
TR05,travel,gemma3_4b,28,6,542,5.0056,1.0006,0.9994,0.9996,0.0263,253.2336
TR05,travel,gemma3_4b,28,7,542,5.3599,1.0047,0.9953,0.9992,0.031,256.2854
TR05,travel,gemma3_4b,29,0,542,45.9388,1.0222,0.9783,0.9852,0.0488,215.8872
TR05,travel,gemma3_4b,29,1,542,20.5503,1.0229,0.9776,0.9892,0.027,227.2304
TR05,travel,gemma3_4b,29,2,542,19.2232,1.0089,0.9912,0.995,0.0322,234.159
TR05,travel,gemma3_4b,29,3,542,16.2603,1.0055,0.9945,0.9963,0.0294,236.9297
TR05,travel,gemma3_4b,29,4,542,47.0538,1.0341,0.967,0.9748,0.0449,213.0914
TR05,travel,gemma3_4b,29,5,542,33.3394,1.015,0.9852,0.9898,0.0416,226.3328
TR05,travel,gemma3_4b,29,6,542,32.5536,1.0159,0.9844,0.9886,0.0829,256.6566
TR05,travel,gemma3_4b,29,7,542,39.9527,1.0152,0.9851,0.9891,0.1164,245.0091
TR05,travel,gemma3_4b,30,0,542,21.3258,1.0075,0.9926,0.9953,0.0471,220.5631
TR05,travel,gemma3_4b,30,1,542,127.9306,1.1078,0.9027,0.915,0.1908,166.3134
TR05,travel,gemma3_4b,30,2,542,27.3909,1.0093,0.9908,0.9936,0.0474,228.8503
TR05,travel,gemma3_4b,30,3,542,33.7764,1.0112,0.9889,0.9925,0.0591,224.6114
TR05,travel,gemma3_4b,30,4,542,133.962,1.0913,0.9164,0.9306,0.1896,168.1537
TR05,travel,gemma3_4b,30,5,542,48.8897,1.016,0.9843,0.9885,0.0725,198.8856
TR05,travel,gemma3_4b,30,6,542,79.0976,1.022,0.9784,0.9828,0.1048,185.9654
TR05,travel,gemma3_4b,30,7,542,54.3011,1.0142,0.986,0.9898,0.079,197.6393
TR05,travel,gemma3_4b,31,0,542,11.2792,1.004,0.996,0.9986,0.051,249.1855
TR05,travel,gemma3_4b,31,1,542,3.4111,1.0004,0.9996,0.9998,0.0248,259.0687
TR05,travel,gemma3_4b,31,2,542,278.3033,1.1792,0.8481,0.857,0.2616,177.0043
TR05,travel,gemma3_4b,31,3,542,307.3604,1.6684,0.5994,0.6259,0.4394,92.0672
TR05,travel,gemma3_4b,31,4,542,259.6149,1.1196,0.8931,0.8996,0.2232,185.7413
TR05,travel,gemma3_4b,31,5,542,329.4197,3.1951,0.313,0.3727,0.3946,75.3367
TR05,travel,gemma3_4b,31,6,542,329.769,1.2696,0.7877,0.7983,0.2881,152.5207
TR05,travel,gemma3_4b,31,7,542,359.7021,1.7061,0.5861,0.6199,0.3864,99.3173
TR05,travel,gemma3_4b,32,0,542,66.0304,1.035,0.9661,0.9718,0.1193,208.6833
TR05,travel,gemma3_4b,32,1,542,44.2544,1.0228,0.9777,0.9845,0.078,197.1697
TR05,travel,gemma3_4b,32,2,542,416.6298,2.4408,0.4097,0.422,0.5436,117.6246
TR05,travel,gemma3_4b,32,3,542,189.6684,1.0986,0.9103,0.9209,0.2065,184.5505
TR05,travel,gemma3_4b,32,4,542,92.4885,1.0772,0.9284,0.9377,0.1847,235.3607
TR05,travel,gemma3_4b,32,5,542,167.5141,1.0827,0.9236,0.9378,0.2516,191.0169
TR05,travel,gemma3_4b,32,6,542,215.3238,1.1362,0.8801,0.8899,0.3017,174.3319
TR05,travel,gemma3_4b,32,7,542,143.2795,1.1248,0.889,0.8962,0.2082,230.607
TR05,travel,gemma3_4b,33,0,542,167.4149,1.1222,0.8911,0.9203,0.2055,146.737
TR05,travel,gemma3_4b,33,1,542,23.8435,1.0104,0.9897,0.9957,0.0707,228.8067
TR05,travel,gemma3_4b,33,2,542,389.8671,1.7836,0.5607,0.5857,0.5317,113.1469
TR05,travel,gemma3_4b,33,3,542,243.7638,1.1011,0.9082,0.92,0.2214,188.027
TR05,travel,gemma3_4b,33,4,542,251.5297,1.1548,0.866,0.874,0.2479,186.1843
TR05,travel,gemma3_4b,33,5,542,383.0715,2.4413,0.4096,0.4343,0.5432,69.0458
TR05,travel,gemma3_4b,33,6,542,358.0836,3.8283,0.2612,0.306,0.5546,52.7931
TR05,travel,gemma3_4b,33,7,542,538.5182,116.2466,0.0086,0.017,0.9464,12.168
TR08,travel,gemma3_4b,0,0,619,161.8623,1.3614,0.7346,0.7835,0.1175,101.1615
TR08,travel,gemma3_4b,0,1,619,294.0441,4.3466,0.2301,0.2842,0.2183,89.6224
TR08,travel,gemma3_4b,0,2,619,308.5516,3.1765,0.3148,0.3752,0.2992,49.8585
TR08,travel,gemma3_4b,0,3,619,123.2271,1.8473,0.5413,0.7816,0.0774,105.4487
TR08,travel,gemma3_4b,0,4,619,488.2196,105.6007,0.0095,0.0383,0.9325,3.1686
TR08,travel,gemma3_4b,0,5,619,230.1842,8.6963,0.115,0.3119,0.2306,55.2213
TR08,travel,gemma3_4b,0,6,619,395.6531,3.443,0.2904,0.3036,0.5021,122.0749
TR08,travel,gemma3_4b,0,7,619,298.2009,2.0294,0.4928,0.5187,0.3801,146.5518
TR08,travel,gemma3_4b,1,0,619,227.6656,1.4762,0.6774,0.698,0.2843,190.3575
TR08,travel,gemma3_4b,1,1,619,226.8556,1.5479,0.646,0.6725,0.3075,178.2516
TR08,travel,gemma3_4b,1,2,619,220.6898,1.9118,0.5231,0.697,0.1565,101.808
TR08,travel,gemma3_4b,1,3,619,83.4279,1.0842,0.9224,0.9639,0.0693,139.1448
TR08,travel,gemma3_4b,1,4,619,328.2281,5.5659,0.1797,0.2444,0.4227,60.6538
TR08,travel,gemma3_4b,1,5,619,120.4606,1.185,0.8439,0.8812,0.027,186.1788
TR08,travel,gemma3_4b,1,6,619,81.3862,1.1015,0.9078,0.9428,0.0917,175.6579
TR08,travel,gemma3_4b,1,7,619,107.5597,1.1301,0.8849,0.9108,0.1224,199.036
TR08,travel,gemma3_4b,2,0,619,116.9636,1.1223,0.891,0.9139,0.1594,230.5242
TR08,travel,gemma3_4b,2,1,619,218.0281,1.7796,0.5619,0.6079,0.3414,139.888
TR08,travel,gemma3_4b,2,2,619,466.2353,3.431,0.2915,0.3129,0.6411,94.4461
TR08,travel,gemma3_4b,2,3,619,370.2231,1.9362,0.5165,0.544,0.5119,120.7595
TR08,travel,gemma3_4b,2,4,619,446.7281,2.6217,0.3814,0.4141,0.3383,104.3544
TR08,travel,gemma3_4b,2,5,619,324.7751,2.6741,0.374,0.4047,0.4709,119.4529
TR08,travel,gemma3_4b,2,6,619,237.9862,6.3681,0.157,0.2424,0.5029,20.8082
TR08,travel,gemma3_4b,2,7,619,230.992,1.4608,0.6846,0.7352,0.1005,93.5165
TR08,travel,gemma3_4b,3,0,619,212.529,1.5623,0.6401,0.6917,0.3446,157.0034
TR08,travel,gemma3_4b,3,1,619,223.2648,1.3841,0.7225,0.7503,0.2882,133.1538
TR08,travel,gemma3_4b,3,2,619,216.2349,1.2812,0.7805,0.8027,0.3137,163.8577
TR08,travel,gemma3_4b,3,3,619,303.3474,2.773,0.3606,0.4014,0.5253,115.0844
TR08,travel,gemma3_4b,3,4,619,291.0211,1.7778,0.5625,0.5896,0.4754,115.6576
TR08,travel,gemma3_4b,3,5,619,309.2327,1.7802,0.5617,0.5972,0.3578,99.3225
TR08,travel,gemma3_4b,3,6,619,189.6532,2.1709,0.4606,0.5352,0.2945,91.2309
TR08,travel,gemma3_4b,3,7,619,276.7005,1.8567,0.5386,0.5839,0.3764,136.2629
TR08,travel,gemma3_4b,4,0,619,231.0006,1.7771,0.5627,0.6669,0.1746,83.6975
TR08,travel,gemma3_4b,4,1,619,244.5693,4.7052,0.2125,0.4373,0.3081,59.8242
TR08,travel,gemma3_4b,4,2,619,175.8907,1.2568,0.7957,0.8199,0.0386,172.9682
TR08,travel,gemma3_4b,4,3,619,302.3037,1.5536,0.6437,0.6806,0.3003,103.9866
TR08,travel,gemma3_4b,4,4,619,181.3905,3.612,0.2769,0.4115,0.2934,35.1869
TR08,travel,gemma3_4b,4,5,619,337.358,5.1195,0.1953,0.2396,0.6859,47.3738
TR08,travel,gemma3_4b,4,6,619,596.8321,181.2342,0.0055,0.0194,0.9022,13.0107
TR08,travel,gemma3_4b,4,7,619,106.0565,1.9462,0.5138,0.8274,0.0592,114.2012
TR08,travel,gemma3_4b,5,0,619,222.8713,1.2384,0.8075,0.8278,0.1138,178.8023
TR08,travel,gemma3_4b,5,1,619,68.9649,1.041,0.9607,0.9691,0.0349,262.389
TR08,travel,gemma3_4b,5,2,619,65.2625,1.0452,0.9567,0.9651,0.0392,264.7721
TR08,travel,gemma3_4b,5,3,619,102.1856,1.0924,0.9154,0.9282,0.025,247.0526
TR08,travel,gemma3_4b,5,4,619,301.1919,2.4608,0.4064,0.4572,0.473,91.7518
TR08,travel,gemma3_4b,5,5,619,96.0902,1.0556,0.9473,0.9671,0.0585,175.6196
TR08,travel,gemma3_4b,5,6,619,190.2102,1.2373,0.8082,0.8633,0.0993,131.3766
TR08,travel,gemma3_4b,5,7,619,113.7654,1.2662,0.7897,0.879,0.1191,168.2421
TR08,travel,gemma3_4b,6,0,619,113.6663,1.0808,0.9253,0.9376,0.1224,168.3415
TR08,travel,gemma3_4b,6,1,619,223.0547,1.3056,0.7659,0.7997,0.319,133.3734
TR08,travel,gemma3_4b,6,2,619,204.5348,1.7403,0.5746,0.7092,0.1782,127.1451
TR08,travel,gemma3_4b,6,3,619,169.3628,1.7768,0.5628,0.7861,0.1456,124.7466
TR08,travel,gemma3_4b,6,4,619,155.9284,1.0995,0.9095,0.933,0.0492,179.3523
TR08,travel,gemma3_4b,6,5,619,92.3043,1.0412,0.9604,0.9733,0.1019,150.554
TR08,travel,gemma3_4b,6,6,619,290.5722,2.1672,0.4614,0.5136,0.4503,97.9557
TR08,travel,gemma3_4b,6,7,619,374.919,1.4182,0.7051,0.7375,0.3322,118.1505
TR08,travel,gemma3_4b,7,0,619,468.4082,2.7279,0.3666,0.3856,0.6365,106.8162
TR08,travel,gemma3_4b,7,1,619,396.8577,2.114,0.473,0.4982,0.5818,113.338
TR08,travel,gemma3_4b,7,2,619,183.3912,1.8247,0.548,0.591,0.3765,104.2176
TR08,travel,gemma3_4b,7,3,619,307.4677,1.9793,0.5052,0.546,0.4785,115.9387
TR08,travel,gemma3_4b,7,4,619,147.7804,1.7161,0.5827,0.7762,0.1093,113.9212
TR08,travel,gemma3_4b,7,5,619,232.5629,3.574,0.2798,0.3608,0.4697,80.5101
TR08,travel,gemma3_4b,7,6,619,192.4254,1.2828,0.7795,0.8214,0.1606,108.5425
TR08,travel,gemma3_4b,7,7,619,277.4327,2.3822,0.4198,0.4778,0.2066,84.9613
TR08,travel,gemma3_4b,8,0,619,254.3746,1.3698,0.73,0.7649,0.3377,127.8899
TR08,travel,gemma3_4b,8,1,619,398.5584,1.7936,0.5576,0.597,0.3454,113.6688
TR08,travel,gemma3_4b,8,2,619,263.0601,1.5092,0.6626,0.7087,0.3772,130.9509
TR08,travel,gemma3_4b,8,3,619,163.4329,1.1003,0.9089,0.9182,0.2474,182.5356
TR08,travel,gemma3_4b,8,4,619,204.8424,1.8153,0.5509,0.6591,0.2158,94.905
TR08,travel,gemma3_4b,8,5,619,206.4933,1.4982,0.6675,0.719,0.2974,121.5671
TR08,travel,gemma3_4b,8,6,619,228.1202,1.914,0.5225,0.5951,0.2731,79.2652
TR08,travel,gemma3_4b,8,7,619,281.3565,1.9836,0.5041,0.5487,0.4799,115.2318
TR08,travel,gemma3_4b,9,0,619,240.0753,2.3313,0.4289,0.5281,0.289,100.049
TR08,travel,gemma3_4b,9,1,619,254.8081,1.6575,0.6033,0.6611,0.3177,118.0545
TR08,travel,gemma3_4b,9,2,619,135.6281,1.3648,0.7327,0.8504,0.0771,138.2495
TR08,travel,gemma3_4b,9,3,619,213.4245,1.9501,0.5128,0.6277,0.1206,131.5191
TR08,travel,gemma3_4b,9,4,619,167.2509,2.1374,0.4679,0.6249,0.1516,122.5922
TR08,travel,gemma3_4b,9,5,619,219.1166,2.2762,0.4393,0.5743,0.2254,102.1061
TR08,travel,gemma3_4b,9,6,619,130.7023,1.0922,0.9156,0.9325,0.0935,139.6488
TR08,travel,gemma3_4b,9,7,619,214.3223,1.5184,0.6586,0.7,0.1534,116.4505
TR08,travel,gemma3_4b,10,0,619,295.2566,3.0651,0.3262,0.3799,0.4865,64.7488
TR08,travel,gemma3_4b,10,1,619,498.4461,3.7758,0.2648,0.2863,0.6812,90.3102
TR08,travel,gemma3_4b,10,2,619,119.5404,1.1247,0.8892,0.9355,0.0935,156.7115
TR08,travel,gemma3_4b,10,3,619,143.1914,1.0955,0.9128,0.9303,0.1609,157.2258
TR08,travel,gemma3_4b,10,4,619,139.7852,1.2843,0.7786,0.8561,0.1525,116.3262
TR08,travel,gemma3_4b,10,5,619,283.297,1.265,0.7905,0.8267,0.2305,120.1118
TR08,travel,gemma3_4b,10,6,619,218.5933,1.4248,0.7019,0.7407,0.3259,113.9401
TR08,travel,gemma3_4b,10,7,619,148.7219,1.1498,0.8697,0.8989,0.2245,154.9689
TR08,travel,gemma3_4b,11,0,619,145.9288,1.1332,0.8825,0.9224,0.0979,149.0259
TR08,travel,gemma3_4b,11,1,619,74.3686,1.0383,0.9631,0.9736,0.0817,220.3387
TR08,travel,gemma3_4b,11,2,619,343.9875,1.5281,0.6544,0.7011,0.2432,152.4365
TR08,travel,gemma3_4b,11,3,619,165.0438,1.1084,0.9022,0.9339,0.1118,169.8835
TR08,travel,gemma3_4b,11,4,619,241.5168,1.4596,0.6851,0.7245,0.1162,146.2191
TR08,travel,gemma3_4b,11,5,619,43.5516,1.0381,0.9633,0.9774,0.0344,273.5838
TR08,travel,gemma3_4b,11,6,619,193.1325,2.9268,0.3417,0.5162,0.1584,125.7471
TR08,travel,gemma3_4b,11,7,619,196.9515,3.3449,0.299,0.6297,0.1585,120.9994
TR08,travel,gemma3_4b,12,0,619,158.1087,1.1971,0.8354,0.8689,0.1137,143.4215
TR08,travel,gemma3_4b,12,1,619,168.9873,1.4443,0.6924,0.7653,0.067,132.9293
TR08,travel,gemma3_4b,12,2,619,327.4954,9.3465,0.107,0.1858,0.545,39.8112
TR08,travel,gemma3_4b,12,3,619,209.4129,1.6706,0.5986,0.6849,0.1905,82.8653
TR08,travel,gemma3_4b,12,4,619,215.6179,3.7881,0.264,0.4548,0.2444,78.4369
TR08,travel,gemma3_4b,12,5,619,330.8048,1.7736,0.5638,0.6137,0.3189,111.96
TR08,travel,gemma3_4b,12,6,619,268.6921,2.9762,0.336,0.4298,0.276,86.4649
TR08,travel,gemma3_4b,12,7,619,244.722,2.0623,0.4849,0.5445,0.3302,113.3651
TR08,travel,gemma3_4b,13,0,619,329.1695,1.9615,0.5098,0.5407,0.5576,112.2412
TR08,travel,gemma3_4b,13,1,619,348.6438,2.0001,0.5,0.528,0.5561,104.7728
TR08,travel,gemma3_4b,13,2,619,156.9692,1.1132,0.8983,0.919,0.1125,153.5959
TR08,travel,gemma3_4b,13,3,619,236.087,2.0225,0.4944,0.55,0.24,89.3159
TR08,travel,gemma3_4b,13,4,619,180.4866,1.456,0.6868,0.7538,0.1582,118.6294
TR08,travel,gemma3_4b,13,5,619,130.8171,1.1242,0.8895,0.9177,0.0927,149.7959
TR08,travel,gemma3_4b,13,6,619,368.5743,1.5636,0.6395,0.6656,0.406,130.571
TR08,travel,gemma3_4b,13,7,619,475.6643,2.2416,0.4461,0.4704,0.3941,102.0904
TR08,travel,gemma3_4b,14,0,619,223.7591,1.2604,0.7934,0.8141,0.3266,148.8238
TR08,travel,gemma3_4b,14,1,619,171.3225,1.2047,0.8301,0.8738,0.2378,150.6017
TR08,travel,gemma3_4b,14,2,619,287.9271,2.2461,0.4452,0.5495,0.2904,89.8147
TR08,travel,gemma3_4b,14,3,619,305.0208,3.6974,0.2705,0.3555,0.3871,84.6113
TR08,travel,gemma3_4b,14,4,619,276.225,2.0608,0.4852,0.5304,0.4482,109.536
TR08,travel,gemma3_4b,14,5,619,187.4685,1.7184,0.5819,0.6256,0.3857,119.37
TR08,travel,gemma3_4b,14,6,619,256.6652,8.8052,0.1136,0.2573,0.3087,47.0285
TR08,travel,gemma3_4b,14,7,619,597.0584,28.7539,0.0348,0.0563,0.7038,41.9588
TR08,travel,gemma3_4b,15,0,619,164.3274,1.1092,0.9015,0.9205,0.1657,160.0412
TR08,travel,gemma3_4b,15,1,619,144.2648,1.1222,0.8911,0.9095,0.1722,165.6635
TR08,travel,gemma3_4b,15,2,619,123.0888,1.0491,0.9532,0.9613,0.1521,167.626
TR08,travel,gemma3_4b,15,3,619,224.9361,1.4528,0.6883,0.7399,0.3332,123.7441
TR08,travel,gemma3_4b,15,4,619,194.0836,1.2593,0.7941,0.8343,0.2185,144.5247
TR08,travel,gemma3_4b,15,5,619,169.4177,1.2892,0.7757,0.832,0.1723,152.3725
TR08,travel,gemma3_4b,15,6,619,191.4501,1.7094,0.585,0.7389,0.1637,127.1241
TR08,travel,gemma3_4b,15,7,619,222.6785,1.5001,0.6666,0.7547,0.2451,127.2941
TR08,travel,gemma3_4b,16,0,619,431.9158,3.7563,0.2662,0.2944,0.688,70.4619
TR08,travel,gemma3_4b,16,1,619,292.1318,1.6187,0.6178,0.6843,0.3117,102.8866
TR08,travel,gemma3_4b,16,2,619,229.8988,1.5942,0.6273,0.6856,0.2836,83.7826
TR08,travel,gemma3_4b,16,3,619,192.2962,1.2535,0.7978,0.8267,0.2558,123.5702
TR08,travel,gemma3_4b,16,4,619,187.7967,1.5277,0.6546,0.7557,0.2633,116.1524
TR08,travel,gemma3_4b,16,5,619,244.3356,1.5134,0.6608,0.7024,0.3441,104.8434
TR08,travel,gemma3_4b,16,6,619,141.1731,4.0159,0.249,0.5284,0.1405,90.3427
TR08,travel,gemma3_4b,16,7,619,242.0431,3.3849,0.2954,0.4953,0.2538,90.0577
TR08,travel,gemma3_4b,17,0,619,258.0019,1.9627,0.5095,0.6248,0.245,123.2147
TR08,travel,gemma3_4b,17,1,619,261.4333,1.2892,0.7757,0.8286,0.1723,136.7607
TR08,travel,gemma3_4b,17,2,619,193.0361,1.6206,0.6171,0.732,0.1628,134.8609
TR08,travel,gemma3_4b,17,3,619,304.7111,1.6923,0.5909,0.6397,0.2829,134.4524
TR08,travel,gemma3_4b,17,4,619,94.5404,1.0764,0.929,0.9562,0.0838,199.8022
TR08,travel,gemma3_4b,17,5,619,48.2898,1.0321,0.9689,0.981,0.063,256.2658
TR08,travel,gemma3_4b,17,6,619,93.2541,1.0433,0.9585,0.9712,0.0572,208.5239
TR08,travel,gemma3_4b,17,7,619,73.7333,1.0871,0.9199,0.9591,0.0741,184.6962
TR08,travel,gemma3_4b,18,0,619,179.0177,1.1674,0.8566,0.8769,0.2643,176.5307
TR08,travel,gemma3_4b,18,1,619,165.8298,1.2384,0.8075,0.8329,0.1696,163.0699
TR08,travel,gemma3_4b,18,2,619,275.5533,1.3516,0.7399,0.7678,0.2796,119.3179
TR08,travel,gemma3_4b,18,3,619,276.3251,1.5259,0.6554,0.6874,0.3969,88.7743
TR08,travel,gemma3_4b,18,4,619,307.5742,1.4109,0.7088,0.7286,0.4109,170.1883
TR08,travel,gemma3_4b,18,5,619,257.1293,1.2586,0.7945,0.8123,0.356,164.4429
TR08,travel,gemma3_4b,18,6,619,290.1271,1.6743,0.5973,0.6361,0.4176,95.4043
TR08,travel,gemma3_4b,18,7,619,294.2824,5.7353,0.1744,0.2584,0.5328,49.9467
TR08,travel,gemma3_4b,19,0,619,236.9559,1.2562,0.796,0.8353,0.2817,122.8685
TR08,travel,gemma3_4b,19,1,619,142.2012,1.0785,0.9272,0.94,0.1559,182.6066
TR08,travel,gemma3_4b,19,2,619,228.5454,1.225,0.8163,0.833,0.35,142.7843
TR08,travel,gemma3_4b,19,3,619,124.8623,1.2663,0.7897,0.834,0.1805,140.0617
TR08,travel,gemma3_4b,19,4,619,342.5208,2.2249,0.4495,0.5203,0.3361,83.4829
TR08,travel,gemma3_4b,19,5,619,325.1233,3.1616,0.3163,0.3815,0.4115,78.3801
TR08,travel,gemma3_4b,19,6,619,153.5196,1.2534,0.7979,0.8318,0.2978,179.3883
TR08,travel,gemma3_4b,19,7,619,198.0247,1.105,0.905,0.9181,0.1172,215.5082
TR08,travel,gemma3_4b,20,0,619,90.4206,1.0369,0.9644,0.9731,0.1195,209.4937
TR08,travel,gemma3_4b,20,1,619,202.3294,1.1857,0.8434,0.87,0.2192,141.8741
TR08,travel,gemma3_4b,20,2,619,164.586,1.3017,0.7682,0.8252,0.2542,141.976
TR08,travel,gemma3_4b,20,3,619,102.0655,1.0481,0.9541,0.9635,0.1363,177.5816
TR08,travel,gemma3_4b,20,4,619,181.2475,1.3302,0.7518,0.7875,0.3093,114.8501
TR08,travel,gemma3_4b,20,5,619,204.1355,1.345,0.7435,0.7669,0.3889,154.167
TR08,travel,gemma3_4b,20,6,619,492.577,2.0771,0.4814,0.5049,0.4261,116.9822
TR08,travel,gemma3_4b,20,7,619,357.0854,2.6226,0.3813,0.4224,0.5376,78.513
TR08,travel,gemma3_4b,21,0,619,133.137,1.101,0.9083,0.9239,0.146,192.4345
TR08,travel,gemma3_4b,21,1,619,47.7327,1.0341,0.967,0.9817,0.0886,263.4312
TR08,travel,gemma3_4b,21,2,619,101.0386,1.1002,0.9089,0.9377,0.0685,171.5255
TR08,travel,gemma3_4b,21,3,619,300.6949,1.4939,0.6694,0.6941,0.4718,144.6375
TR08,travel,gemma3_4b,21,4,619,219.439,1.3044,0.7667,0.7909,0.3759,170.9238
TR08,travel,gemma3_4b,21,5,619,90.5561,1.038,0.9634,0.9716,0.1602,232.4912
TR08,travel,gemma3_4b,21,6,619,100.9004,1.121,0.892,0.9313,0.0826,202.4079
TR08,travel,gemma3_4b,21,7,619,157.7665,1.0707,0.934,0.9432,0.1773,175.4469
TR08,travel,gemma3_4b,22,0,619,333.3868,1.359,0.7358,0.7536,0.3985,127.1637
TR08,travel,gemma3_4b,22,1,619,496.0113,2.1609,0.4628,0.4771,0.5876,124.9091
TR08,travel,gemma3_4b,22,2,619,458.6235,1.7605,0.568,0.5872,0.4102,114.5934
TR08,travel,gemma3_4b,22,3,619,399.1434,2.2201,0.4504,0.4741,0.5896,103.8097
TR08,travel,gemma3_4b,22,4,619,479.4547,1.8842,0.5307,0.5482,0.3687,123.1737
TR08,travel,gemma3_4b,22,5,619,274.6158,1.5237,0.6563,0.7392,0.2625,121.7293
TR08,travel,gemma3_4b,22,6,619,217.9149,1.17,0.8547,0.872,0.2617,160.8198
TR08,travel,gemma3_4b,22,7,619,298.5611,1.3099,0.7634,0.7945,0.2347,141.7235
TR08,travel,gemma3_4b,23,0,619,90.9949,1.0653,0.9387,0.9528,0.0692,218.8133
TR08,travel,gemma3_4b,23,1,619,98.2742,1.0944,0.9138,0.9296,0.0633,234.0432
TR08,travel,gemma3_4b,23,2,619,217.1409,1.2571,0.7955,0.8285,0.1873,140.3609
TR08,travel,gemma3_4b,23,3,619,130.7255,1.1367,0.8798,0.9236,0.1124,198.9648
TR08,travel,gemma3_4b,23,4,619,18.9476,1.006,0.9941,0.9965,0.0314,255.2143
TR08,travel,gemma3_4b,23,5,619,118.8184,1.0545,0.9483,0.9613,0.1845,227.0775
TR08,travel,gemma3_4b,23,6,619,49.8498,1.0221,0.9784,0.9841,0.0691,261.7024
TR08,travel,gemma3_4b,23,7,619,39.7425,1.0182,0.9821,0.9884,0.0519,272.2741
TR08,travel,gemma3_4b,24,0,619,91.3716,1.0625,0.9412,0.9691,0.1137,160.4577
TR08,travel,gemma3_4b,24,1,619,80.7282,1.0925,0.9153,0.9674,0.1184,204.546
TR08,travel,gemma3_4b,24,2,619,74.2264,1.0586,0.9446,0.9568,0.0918,240.1539
TR08,travel,gemma3_4b,24,3,619,64.334,1.0588,0.9444,0.9581,0.0632,236.3943
TR08,travel,gemma3_4b,24,4,619,181.5082,1.0915,0.9161,0.9269,0.2223,185.6749
TR08,travel,gemma3_4b,24,5,619,143.474,1.061,0.9425,0.9517,0.1708,187.3331
TR08,travel,gemma3_4b,24,6,619,257.6202,1.1809,0.8468,0.8594,0.3221,167.9813
TR08,travel,gemma3_4b,24,7,619,141.5774,1.0346,0.9666,0.9714,0.1445,227.8796
TR08,travel,gemma3_4b,25,0,619,121.0009,1.1243,0.8894,0.913,0.0848,200.8273
TR08,travel,gemma3_4b,25,1,619,38.0412,1.028,0.9728,0.9812,0.0519,237.1646
TR08,travel,gemma3_4b,25,2,619,104.7375,1.0208,0.9796,0.9822,0.1205,219.1839
TR08,travel,gemma3_4b,25,3,619,255.187,1.2773,0.7829,0.7998,0.3536,152.3953
TR08,travel,gemma3_4b,25,4,619,247.7316,1.1387,0.8782,0.8913,0.2221,202.868
TR08,travel,gemma3_4b,25,5,619,68.4405,1.031,0.9699,0.977,0.0978,251.7316
TR08,travel,gemma3_4b,25,6,619,72.8985,1.0235,0.977,0.9807,0.1265,242.1958
TR08,travel,gemma3_4b,25,7,619,83.9621,1.0471,0.955,0.9644,0.1458,253.3271
TR08,travel,gemma3_4b,26,0,619,24.4329,1.0072,0.9928,0.9955,0.0425,262.4958
TR08,travel,gemma3_4b,26,1,619,25.4009,1.0143,0.9859,0.9935,0.0403,257.1004
TR08,travel,gemma3_4b,26,2,619,45.6032,1.0397,0.9618,0.9856,0.091,249.875
TR08,travel,gemma3_4b,26,3,619,224.9044,1.177,0.8496,0.8656,0.2667,184.4456
TR08,travel,gemma3_4b,26,4,619,20.6427,1.0151,0.9851,0.9944,0.0295,265.5671
TR08,travel,gemma3_4b,26,5,619,52.8066,1.0379,0.9634,0.9766,0.0492,242.2751
TR08,travel,gemma3_4b,26,6,619,19.3523,1.0264,0.9743,0.9866,0.033,251.3348
TR08,travel,gemma3_4b,26,7,619,102.1728,1.039,0.9625,0.9713,0.1343,172.5086
TR08,travel,gemma3_4b,27,0,619,29.0508,1.0059,0.9942,0.9972,0.0591,293.0244
TR08,travel,gemma3_4b,27,1,619,257.3955,1.2252,0.8162,0.8326,0.3024,156.3991
TR08,travel,gemma3_4b,27,2,619,33.1585,1.055,0.9479,0.9652,0.0752,226.5638
TR08,travel,gemma3_4b,27,3,619,203.2638,1.0879,0.9192,0.9272,0.206,242.8255
TR08,travel,gemma3_4b,27,4,619,79.9777,1.0558,0.9472,0.9526,0.1222,286.5878
TR08,travel,gemma3_4b,27,5,619,306.9287,1.1713,0.8538,0.8632,0.2884,227.4502
TR08,travel,gemma3_4b,27,6,619,172.7534,1.0869,0.9201,0.9332,0.1452,189.0016
TR08,travel,gemma3_4b,27,7,619,220.752,1.1299,0.885,0.8991,0.2184,181.4205
TR08,travel,gemma3_4b,28,0,619,274.5404,1.2156,0.8226,0.8381,0.31,161.5007
TR08,travel,gemma3_4b,28,1,619,17.9977,1.0109,0.9892,0.9958,0.0383,275.0287
TR08,travel,gemma3_4b,28,2,619,354.3456,1.1939,0.8376,0.844,0.3546,197.94
TR08,travel,gemma3_4b,28,3,619,284.2169,1.1382,0.8786,0.8858,0.2965,214.7937
TR08,travel,gemma3_4b,28,4,619,77.9614,1.0463,0.9558,0.9652,0.1345,242.0499
TR08,travel,gemma3_4b,28,5,619,138.7603,1.0684,0.936,0.9438,0.1707,203.9269
TR08,travel,gemma3_4b,28,6,619,5.6027,1.0007,0.9993,0.9996,0.025,288.1553
TR08,travel,gemma3_4b,28,7,619,5.8466,1.0045,0.9955,0.9992,0.0286,290.0706
TR08,travel,gemma3_4b,29,0,619,54.5601,1.0262,0.9745,0.9822,0.0466,232.757
TR08,travel,gemma3_4b,29,1,619,24.1201,1.0195,0.9809,0.9892,0.0281,257.1943
TR08,travel,gemma3_4b,29,2,619,18.3398,1.0074,0.9926,0.995,0.0288,271.5483
TR08,travel,gemma3_4b,29,3,619,14.9469,1.0045,0.9955,0.9974,0.0259,272.5836
TR08,travel,gemma3_4b,29,4,619,43.2507,1.0246,0.976,0.9829,0.0416,252.2678
TR08,travel,gemma3_4b,29,5,619,28.1445,1.0118,0.9884,0.9933,0.038,264.6451
TR08,travel,gemma3_4b,29,6,619,23.6886,1.0088,0.9913,0.9948,0.0609,299.4074
TR08,travel,gemma3_4b,29,7,619,36.8985,1.0107,0.9894,0.992,0.1,282.9516
TR08,travel,gemma3_4b,30,0,619,18.0061,1.0065,0.9935,0.9962,0.0405,263.1638
TR08,travel,gemma3_4b,30,1,619,137.4003,1.1184,0.8941,0.9102,0.1905,192.1894
TR08,travel,gemma3_4b,30,2,619,28.0518,1.0095,0.9905,0.9943,0.0459,264.9838
TR08,travel,gemma3_4b,30,3,619,38.1421,1.013,0.9871,0.9914,0.0593,256.9307
TR08,travel,gemma3_4b,30,4,619,177.7068,1.1165,0.8957,0.9072,0.2013,170.03
TR08,travel,gemma3_4b,30,5,619,52.0368,1.0137,0.9865,0.9901,0.0697,232.1077
TR08,travel,gemma3_4b,30,6,619,79.5402,1.0219,0.9786,0.9829,0.0982,218.7756
TR08,travel,gemma3_4b,30,7,619,57.1893,1.0142,0.986,0.9899,0.0765,232.2522
TR08,travel,gemma3_4b,31,0,619,12.2065,1.0037,0.9964,0.9987,0.0486,285.6374
TR08,travel,gemma3_4b,31,1,619,3.5377,1.0004,0.9996,0.9998,0.0235,295.1848
TR08,travel,gemma3_4b,31,2,619,332.6411,1.1963,0.8359,0.8444,0.2739,189.5109
TR08,travel,gemma3_4b,31,3,619,380.2066,1.8136,0.5514,0.5767,0.472,101.431
TR08,travel,gemma3_4b,31,4,619,300.7784,1.1311,0.8841,0.8898,0.2281,204.5724
TR08,travel,gemma3_4b,31,5,619,377.0114,2.7998,0.3572,0.412,0.3827,87.6201
TR08,travel,gemma3_4b,31,6,619,369.1822,1.2848,0.7784,0.7889,0.2892,172.6373
TR08,travel,gemma3_4b,31,7,619,418.1421,1.8599,0.5377,0.5698,0.4116,109.7975
TR08,travel,gemma3_4b,32,0,619,67.4544,1.0361,0.9651,0.9704,0.1172,240.9979
TR08,travel,gemma3_4b,32,1,619,52.5879,1.0233,0.9773,0.9842,0.0753,222.1772
TR08,travel,gemma3_4b,32,2,619,467.0317,2.3799,0.4202,0.4311,0.5323,137.5809
TR08,travel,gemma3_4b,32,3,619,231.124,1.1079,0.9026,0.9112,0.2159,214.3726
TR08,travel,gemma3_4b,32,4,619,82.5617,1.0611,0.9424,0.9512,0.1584,275.3126
TR08,travel,gemma3_4b,32,5,619,219.3706,1.0962,0.9123,0.9241,0.2723,205.3987
TR08,travel,gemma3_4b,32,6,619,236.6907,1.1152,0.8967,0.9051,0.2814,206.6099
TR08,travel,gemma3_4b,32,7,619,152.1968,1.1174,0.895,0.9015,0.1982,263.219
TR08,travel,gemma3_4b,33,0,619,197.6323,1.1136,0.898,0.9197,0.203,159.421
TR08,travel,gemma3_4b,33,1,619,22.057,1.0085,0.9916,0.9962,0.0624,264.4971
TR08,travel,gemma3_4b,33,2,619,434.8751,1.6133,0.6199,0.6414,0.5042,140.4055
TR08,travel,gemma3_4b,33,3,619,280.9235,1.0955,0.9128,0.923,0.2166,210.5256
TR08,travel,gemma3_4b,33,4,619,277.3252,1.1442,0.874,0.8808,0.2403,213.7257
TR08,travel,gemma3_4b,33,5,619,446.5897,2.8296,0.3534,0.3766,0.5729,71.503
TR08,travel,gemma3_4b,33,6,619,410.9377,4.7122,0.2122,0.2524,0.5843,52.6707
TR08,travel,gemma3_4b,33,7,619,614.8138,135.4886,0.0074,0.0146,0.953,11.8246
BZ01,business,gemma3_4b,0,0,217,65.988,1.4876,0.6722,0.7662,0.1867,51.3289
BZ01,business,gemma3_4b,0,1,217,88.4804,1.7059,0.5862,0.6636,0.1268,52.3089
BZ01,business,gemma3_4b,0,2,217,106.8833,2.3013,0.4345,0.5611,0.3537,24.6373
BZ01,business,gemma3_4b,0,3,217,44.7586,1.4821,0.6747,0.9033,0.124,50.1166
BZ01,business,gemma3_4b,0,4,217,178.2718,38.0346,0.0263,0.0887,0.9373,2.6711
BZ01,business,gemma3_4b,0,5,217,90.8432,5.3133,0.1882,0.4489,0.2943,27.5868
BZ01,business,gemma3_4b,0,6,217,114.6496,1.6972,0.5892,0.6263,0.4016,54.2644
BZ01,business,gemma3_4b,0,7,217,70.6148,1.264,0.7912,0.8234,0.2587,68.342
BZ01,business,gemma3_4b,1,0,217,42.843,1.0928,0.9151,0.9414,0.1721,81.5746
BZ01,business,gemma3_4b,1,1,217,65.0232,1.242,0.8051,0.8337,0.2637,71.7906
BZ01,business,gemma3_4b,1,2,217,65.7415,1.1955,0.8365,0.905,0.1784,53.4181
BZ01,business,gemma3_4b,1,3,217,31.3315,1.0581,0.9451,0.977,0.1129,64.4529
BZ01,business,gemma3_4b,1,4,217,115.971,3.3162,0.3015,0.3946,0.4817,30.6654
BZ01,business,gemma3_4b,1,5,217,41.1725,1.1445,0.8737,0.9237,0.0508,84.4791
BZ01,business,gemma3_4b,1,6,217,32.4361,1.0995,0.9095,0.9518,0.1357,66.9557
BZ01,business,gemma3_4b,1,7,217,34.4876,1.0833,0.9231,0.949,0.1337,79.5674
BZ01,business,gemma3_4b,2,0,217,23.1494,1.0366,0.9647,0.9798,0.1197,92.9155
BZ01,business,gemma3_4b,2,1,217,68.5046,1.2852,0.7781,0.813,0.2511,63.115
BZ01,business,gemma3_4b,2,2,217,147.2619,2.3804,0.4201,0.4501,0.598,43.6734
BZ01,business,gemma3_4b,2,3,217,125.1292,1.7002,0.5882,0.625,0.5113,51.0964
BZ01,business,gemma3_4b,2,4,217,149.5766,2.1887,0.4569,0.5232,0.3477,49.7049
BZ01,business,gemma3_4b,2,5,217,97.4373,1.737,0.5757,0.6272,0.4188,53.1269
BZ01,business,gemma3_4b,2,6,217,86.3566,3.6757,0.2721,0.4471,0.5455,12.832
BZ01,business,gemma3_4b,2,7,217,74.9777,1.3115,0.7625,0.8364,0.1202,50.6557
BZ01,business,gemma3_4b,3,0,217,81.5155,1.3054,0.766,0.8058,0.3389,61.804
BZ01,business,gemma3_4b,3,1,217,86.1607,1.4354,0.6967,0.7494,0.2984,56.7091
BZ01,business,gemma3_4b,3,2,217,85.776,1.4183,0.7051,0.7407,0.3953,55.1704
BZ01,business,gemma3_4b,3,3,217,99.0833,2.1823,0.4582,0.5227,0.4962,43.5753
BZ01,business,gemma3_4b,3,4,217,108.7813,1.8256,0.5478,0.5956,0.5265,45.1106
BZ01,business,gemma3_4b,3,5,217,103.6361,1.575,0.6349,0.6914,0.3582,43.7386
BZ01,business,gemma3_4b,3,6,217,70.4097,1.8677,0.5354,0.6464,0.3443,45.2666
BZ01,business,gemma3_4b,3,7,217,79.5763,1.3236,0.7555,0.7869,0.2735,64.2506
BZ01,business,gemma3_4b,4,0,217,87.5813,1.5856,0.6307,0.7806,0.224,42.99
BZ01,business,gemma3_4b,4,1,217,94.5911,3.227,0.3099,0.5018,0.3325,32.2595
BZ01,business,gemma3_4b,4,2,217,59.9093,1.2178,0.8211,0.8685,0.0611,79.1618
BZ01,business,gemma3_4b,4,3,217,105.5895,1.5692,0.6373,0.718,0.3502,47.2024
BZ01,business,gemma3_4b,4,4,217,69.6665,2.8887,0.3462,0.5574,0.3716,22.1544
BZ01,business,gemma3_4b,4,5,217,116.3301,3.4459,0.2902,0.3731,0.6874,21.2256
BZ01,business,gemma3_4b,4,6,217,209.5806,64.6465,0.0155,0.0492,0.9111,5.7725
BZ01,business,gemma3_4b,4,7,217,41.2387,1.3526,0.7393,0.9337,0.1026,58.8476
BZ01,business,gemma3_4b,5,0,217,71.6823,1.2384,0.8075,0.8517,0.1277,74.6027
BZ01,business,gemma3_4b,5,1,217,19.3416,1.0387,0.9628,0.9819,0.0523,99.1692
BZ01,business,gemma3_4b,5,2,217,22.9194,1.0381,0.9633,0.9792,0.0734,96.3389
BZ01,business,gemma3_4b,5,3,217,29.5733,1.0884,0.9188,0.9596,0.0399,94.7912
BZ01,business,gemma3_4b,5,4,217,105.9968,2.2318,0.4481,0.5406,0.4658,35.6631
BZ01,business,gemma3_4b,5,5,217,34.1427,1.054,0.9488,0.9722,0.09,74.1441
BZ01,business,gemma3_4b,5,6,217,76.1011,1.4194,0.7045,0.8548,0.1292,61.5092
BZ01,business,gemma3_4b,5,7,217,56.3993,1.224,0.817,0.8989,0.1687,66.045
BZ01,business,gemma3_4b,6,0,217,55.5166,1.1275,0.8869,0.9167,0.1891,62.4538
BZ01,business,gemma3_4b,6,1,217,89.1675,1.4383,0.6953,0.7513,0.3723,48.8234
BZ01,business,gemma3_4b,6,2,217,67.3555,1.8563,0.5387,0.7953,0.2005,58.8247
BZ01,business,gemma3_4b,6,3,217,65.179,1.2919,0.774,0.8707,0.1808,58.3523
BZ01,business,gemma3_4b,6,4,217,40.7794,1.0521,0.9504,0.9648,0.0682,81.7295
BZ01,business,gemma3_4b,6,5,217,33.8152,1.0527,0.95,0.9747,0.1418,66.3108
BZ01,business,gemma3_4b,6,6,217,108.1741,1.8463,0.5416,0.6118,0.4282,43.1174
BZ01,business,gemma3_4b,6,7,217,127.9973,1.271,0.7868,0.8196,0.3297,53.6469
BZ01,business,gemma3_4b,7,0,217,153.4204,2.0645,0.4844,0.5297,0.6115,40.2304
BZ01,business,gemma3_4b,7,1,217,151.4829,2.2458,0.4453,0.4883,0.6057,40.5302
BZ01,business,gemma3_4b,7,2,217,69.6548,2.0804,0.4807,0.609,0.4163,40.1175
BZ01,business,gemma3_4b,7,3,217,101.9681,1.5615,0.6404,0.6919,0.4327,45.9587
BZ01,business,gemma3_4b,7,4,217,63.4329,1.8419,0.5429,0.7946,0.1759,51.8059
BZ01,business,gemma3_4b,7,5,217,81.477,2.928,0.3415,0.4751,0.4711,35.6801
BZ01,business,gemma3_4b,7,6,217,78.1211,1.4238,0.7023,0.7994,0.1948,46.5789
BZ01,business,gemma3_4b,7,7,217,103.1529,2.6558,0.3765,0.5007,0.2518,40.2105
BZ01,business,gemma3_4b,8,0,217,106.0877,1.6279,0.6143,0.6834,0.4243,42.3874
BZ01,business,gemma3_4b,8,1,217,147.0825,1.8472,0.5414,0.614,0.3846,48.3867
BZ01,business,gemma3_4b,8,2,217,98.9251,1.3644,0.7329,0.7704,0.4286,52.6336
BZ01,business,gemma3_4b,8,3,217,66.8234,1.1631,0.8598,0.8842,0.3245,65.1683
BZ01,business,gemma3_4b,8,4,217,86.4109,1.8242,0.5482,0.6893,0.2853,43.8955
BZ01,business,gemma3_4b,8,5,217,97.284,1.9699,0.5076,0.5936,0.3952,44.2359
BZ01,business,gemma3_4b,8,6,217,81.3805,1.6304,0.6133,0.7459,0.3335,36.2313
BZ01,business,gemma3_4b,8,7,217,98.8964,1.9106,0.5234,0.5991,0.4828,42.9843
BZ01,business,gemma3_4b,9,0,217,89.4411,1.9507,0.5126,0.6584,0.3235,42.4428
BZ01,business,gemma3_4b,9,1,217,88.6863,1.3406,0.7459,0.814,0.3383,52.2125
BZ01,business,gemma3_4b,9,2,217,52.5824,1.3113,0.7626,0.8866,0.1251,59.9554
BZ01,business,gemma3_4b,9,3,217,80.7855,1.5094,0.6625,0.7812,0.1631,63.4559
BZ01,business,gemma3_4b,9,4,217,63.3903,1.62,0.6173,0.7995,0.188,57.0427
BZ01,business,gemma3_4b,9,5,217,87.9633,2.2887,0.4369,0.6521,0.2731,45.2571
BZ01,business,gemma3_4b,9,6,217,49.5545,1.0989,0.91,0.939,0.1394,59.6448
BZ01,business,gemma3_4b,9,7,217,86.3073,1.6298,0.6136,0.7049,0.2278,52.3262
BZ01,business,gemma3_4b,10,0,217,102.6125,2.236,0.4472,0.5352,0.4939,33.3689
BZ01,business,gemma3_4b,10,1,217,171.5239,3.0862,0.324,0.3702,0.6678,35.5799
BZ01,business,gemma3_4b,10,2,217,59.297,1.2043,0.8303,0.9098,0.1613,58.7177
BZ01,business,gemma3_4b,10,3,217,69.5718,1.211,0.8257,0.8841,0.2168,55.2012
BZ01,business,gemma3_4b,10,4,217,41.408,1.1117,0.8996,0.9411,0.1821,62.5462
BZ01,business,gemma3_4b,10,5,217,98.632,1.2616,0.7927,0.8534,0.2767,53.5223
BZ01,business,gemma3_4b,10,6,217,84.2568,1.5316,0.6529,0.7401,0.3828,46.3891
BZ01,business,gemma3_4b,10,7,217,71.4782,1.3094,0.7637,0.8337,0.2712,57.5625
BZ01,business,gemma3_4b,11,0,217,54.2787,1.1589,0.8629,0.9362,0.1473,67.2897
BZ01,business,gemma3_4b,11,1,217,25.6954,1.0434,0.9584,0.98,0.1212,84.9483
BZ01,business,gemma3_4b,11,2,217,129.7909,1.5374,0.6504,0.7188,0.3068,64.7695
BZ01,business,gemma3_4b,11,3,217,62.5851,1.1147,0.8971,0.948,0.1595,75.0222
BZ01,business,gemma3_4b,11,4,217,74.963,1.3491,0.7412,0.843,0.1395,71.6463
BZ01,business,gemma3_4b,11,5,217,15.0525,1.031,0.97,0.9848,0.0567,100.5548
BZ01,business,gemma3_4b,11,6,217,74.5502,4.4251,0.226,0.6003,0.1924,59.5787
BZ01,business,gemma3_4b,11,7,217,89.1155,2.088,0.4789,0.6714,0.2177,54.8211
BZ01,business,gemma3_4b,12,0,217,61.2156,1.2566,0.7958,0.8699,0.1943,60.068
BZ01,business,gemma3_4b,12,1,217,65.87,1.3389,0.7469,0.8277,0.1144,66.0624
BZ01,business,gemma3_4b,12,2,217,118.8043,5.0036,0.1999,0.3359,0.5456,23.0406
BZ01,business,gemma3_4b,12,3,217,79.6072,1.6739,0.5974,0.728,0.2467,43.1739
BZ01,business,gemma3_4b,12,4,217,82.2778,2.1646,0.462,0.6311,0.3206,41.468
BZ01,business,gemma3_4b,12,5,217,118.6494,1.8439,0.5423,0.643,0.3515,46.9876
BZ01,business,gemma3_4b,12,6,217,93.93,2.3179,0.4314,0.6036,0.3158,42.3716
BZ01,business,gemma3_4b,12,7,217,96.0786,1.9812,0.5047,0.5984,0.403,44.3235
BZ01,business,gemma3_4b,13,0,217,115.8501,2.0135,0.4966,0.5604,0.5818,37.9351
BZ01,business,gemma3_4b,13,1,217,124.372,1.958,0.5107,0.5644,0.5639,38.1365
BZ01,business,gemma3_4b,13,2,217,53.7113,1.1082,0.9023,0.9358,0.1586,67.0468
BZ01,business,gemma3_4b,13,3,217,84.4101,2.2511,0.4442,0.5954,0.314,40.055
BZ01,business,gemma3_4b,13,4,217,69.745,1.4034,0.7125,0.8297,0.1917,59.1936
BZ01,business,gemma3_4b,13,5,217,43.4633,1.1103,0.9007,0.9422,0.1304,68.9189
BZ01,business,gemma3_4b,13,6,217,134.465,1.4908,0.6708,0.7139,0.4174,50.9729
BZ01,business,gemma3_4b,13,7,217,168.2371,1.9401,0.5154,0.5634,0.4304,45.5046
BZ01,business,gemma3_4b,14,0,217,95.9095,1.4749,0.678,0.7284,0.4097,47.6863
BZ01,business,gemma3_4b,14,1,217,71.8454,1.2074,0.8282,0.8673,0.2902,57.6804
BZ01,business,gemma3_4b,14,2,217,109.516,1.9313,0.5178,0.6235,0.365,43.4047
BZ01,business,gemma3_4b,14,3,217,121.487,3.047,0.3282,0.4546,0.4238,42.5977
BZ01,business,gemma3_4b,14,4,217,104.5573,2.362,0.4234,0.5324,0.4956,36.2505
BZ01,business,gemma3_4b,14,5,217,77.6013,2.0889,0.4787,0.5946,0.4685,41.1847
BZ01,business,gemma3_4b,14,6,217,96.7038,4.429,0.2258,0.4551,0.365,31.6041
BZ01,business,gemma3_4b,14,7,217,211.3208,24.1315,0.0414,0.0754,0.72,18.1381
BZ01,business,gemma3_4b,15,0,217,59.0165,1.1,0.9091,0.9371,0.2086,66.2511
BZ01,business,gemma3_4b,15,1,217,60.3638,1.2264,0.8154,0.8943,0.2458,62.9901
BZ01,business,gemma3_4b,15,2,217,47.535,1.0672,0.9371,0.9564,0.1938,64.722
BZ01,business,gemma3_4b,15,3,217,85.9895,1.458,0.6859,0.7453,0.379,50.7352
BZ01,business,gemma3_4b,15,4,217,50.3636,1.0969,0.9116,0.9436,0.2144,71.2996
BZ01,business,gemma3_4b,15,5,217,58.5421,1.311,0.7628,0.8631,0.2147,67.0069
BZ01,business,gemma3_4b,15,6,217,60.4201,1.1908,0.8398,0.9065,0.1965,64.4151
BZ01,business,gemma3_4b,15,7,217,77.5178,1.2893,0.7756,0.8392,0.2546,59.1113
BZ01,business,gemma3_4b,16,0,217,154.3158,2.6161,0.3823,0.4359,0.6503,33.1136
BZ01,business,gemma3_4b,16,1,217,108.3064,1.5186,0.6585,0.7282,0.3526,47.0445
BZ01,business,gemma3_4b,16,2,217,75.119,1.2668,0.7894,0.8443,0.29,47.6302
BZ01,business,gemma3_4b,16,3,217,77.0369,1.2672,0.7892,0.8467,0.3238,53.4454
BZ01,business,gemma3_4b,16,4,217,69.1407,1.5274,0.6547,0.7919,0.3207,49.3317
BZ01,business,gemma3_4b,16,5,217,103.2966,1.8444,0.5422,0.6423,0.4069,41.14
BZ01,business,gemma3_4b,16,6,217,71.4354,2.6097,0.3832,0.6059,0.2449,44.2077
BZ01,business,gemma3_4b,16,7,217,107.8915,3.4375,0.2909,0.4703,0.3575,38.5145
BZ01,business,gemma3_4b,17,0,217,108.7143,2.7223,0.3673,0.5463,0.3081,55.2425
BZ01,business,gemma3_4b,17,1,217,102.0281,1.3034,0.7672,0.8395,0.2163,61.5637
BZ01,business,gemma3_4b,17,2,217,80.9018,1.4035,0.7125,0.8044,0.2138,63.629
BZ01,business,gemma3_4b,17,3,217,122.8987,2.2718,0.4402,0.5492,0.3537,50.2304
BZ01,business,gemma3_4b,17,4,217,42.5256,1.1146,0.8972,0.9518,0.1539,78.9201
BZ01,business,gemma3_4b,17,5,217,19.8266,1.0543,0.9485,0.9734,0.0976,92.4919
BZ01,business,gemma3_4b,17,6,217,27.989,1.0436,0.9582,0.9797,0.075,84.3878
BZ01,business,gemma3_4b,17,7,217,27.5448,1.0559,0.947,0.9766,0.1068,76.704
BZ01,business,gemma3_4b,18,0,217,74.9282,1.2073,0.8283,0.8658,0.3124,62.1497
BZ01,business,gemma3_4b,18,1,217,61.1836,1.2577,0.7951,0.851,0.2183,66.5108
BZ01,business,gemma3_4b,18,2,217,119.8561,1.6879,0.5924,0.6663,0.3789,47.7862
BZ01,business,gemma3_4b,18,3,217,113.25,2.3363,0.428,0.5334,0.4991,36.0724
BZ01,business,gemma3_4b,18,4,217,115.2958,1.5309,0.6532,0.7037,0.4587,50.9176
BZ01,business,gemma3_4b,18,5,217,83.1382,1.2111,0.8257,0.857,0.3673,57.997
BZ01,business,gemma3_4b,18,6,217,122.8581,2.9892,0.3345,0.4511,0.5302,30.4112
BZ01,business,gemma3_4b,18,7,217,113.3045,4.4739,0.2235,0.3757,0.5985,25.5184
BZ01,business,gemma3_4b,19,0,217,71.6666,1.1207,0.8923,0.9169,0.2599,64.3159
BZ01,business,gemma3_4b,19,1,217,43.3103,1.0696,0.935,0.9593,0.1775,78.3316
BZ01,business,gemma3_4b,19,2,217,103.4438,1.447,0.6911,0.7376,0.4652,45.1534
BZ01,business,gemma3_4b,19,3,217,49.1654,1.2513,0.7992,0.8645,0.2359,56.325
BZ01,business,gemma3_4b,19,4,217,125.8219,2.2569,0.4431,0.5777,0.3851,41.4789
BZ01,business,gemma3_4b,19,5,217,134.74,4.2046,0.2378,0.3786,0.456,35.7733
BZ01,business,gemma3_4b,19,6,217,64.2102,1.5253,0.6556,0.7693,0.3956,57.65
BZ01,business,gemma3_4b,19,7,217,60.9667,1.0758,0.9296,0.9542,0.1345,84.616
BZ01,business,gemma3_4b,20,0,217,44.3014,1.073,0.932,0.9587,0.177,72.0413
BZ01,business,gemma3_4b,20,1,217,87.7194,1.3079,0.7646,0.829,0.2843,53.9607
BZ01,business,gemma3_4b,20,2,217,63.9943,1.2225,0.818,0.8554,0.287,60.7212
BZ01,business,gemma3_4b,20,3,217,35.4545,1.0409,0.9607,0.9746,0.1639,78.9567
BZ01,business,gemma3_4b,20,4,217,75.6284,1.3989,0.7148,0.7826,0.3946,47.7508
BZ01,business,gemma3_4b,20,5,217,84.9302,1.4778,0.6767,0.7293,0.4708,53.4556
BZ01,business,gemma3_4b,20,6,217,168.0145,1.9337,0.5171,0.5695,0.446,45.6625
BZ01,business,gemma3_4b,20,7,217,133.145,2.9938,0.334,0.4286,0.5792,28.9061
BZ01,business,gemma3_4b,21,0,217,67.6878,1.2381,0.8077,0.8861,0.227,64.1556
BZ01,business,gemma3_4b,21,1,217,19.1853,1.0283,0.9725,0.9886,0.11,93.6195
BZ01,business,gemma3_4b,21,2,217,41.1945,1.1272,0.8871,0.9441,0.0936,75.2112
BZ01,business,gemma3_4b,21,3,217,114.6461,1.5754,0.6348,0.6688,0.5164,50.0326
BZ01,business,gemma3_4b,21,4,217,75.4484,1.2995,0.7695,0.8163,0.3825,60.7252
BZ01,business,gemma3_4b,21,5,217,29.8675,1.0325,0.9685,0.981,0.1802,87.2542
BZ01,business,gemma3_4b,21,6,217,33.4825,1.0586,0.9446,0.9716,0.1053,84.2318
BZ01,business,gemma3_4b,21,7,217,63.9269,1.101,0.9083,0.9336,0.2309,69.6724
BZ01,business,gemma3_4b,22,0,217,106.1209,1.1853,0.8436,0.8649,0.3608,60.9375
BZ01,business,gemma3_4b,22,1,217,152.958,1.5837,0.6314,0.6593,0.4905,56.7457
BZ01,business,gemma3_4b,22,2,217,157.3992,1.6846,0.5936,0.6354,0.4484,47.2699
BZ01,business,gemma3_4b,22,3,217,134.3152,1.7988,0.5559,0.6135,0.5516,44.2703
BZ01,business,gemma3_4b,22,4,217,155.3884,1.5236,0.6563,0.6976,0.3485,54.0976
BZ01,business,gemma3_4b,22,5,217,107.6079,2.1239,0.4708,0.6536,0.3163,49.987
BZ01,business,gemma3_4b,22,6,217,101.7587,1.4859,0.673,0.7374,0.3429,54.2086
BZ01,business,gemma3_4b,22,7,217,125.1492,1.5343,0.6518,0.7174,0.3148,53.9493
BZ01,business,gemma3_4b,23,0,217,18.3492,1.0239,0.9767,0.991,0.0637,94.0673
BZ01,business,gemma3_4b,23,1,217,25.7913,1.071,0.9337,0.9666,0.0689,93.549
BZ01,business,gemma3_4b,23,2,217,85.8309,1.4317,0.6985,0.7791,0.2424,59.4483
BZ01,business,gemma3_4b,23,3,217,49.5852,1.0912,0.9165,0.9497,0.1318,78.59
BZ01,business,gemma3_4b,23,4,217,7.2429,1.0061,0.994,0.9975,0.0552,96.3892
BZ01,business,gemma3_4b,23,5,217,46.8823,1.0601,0.9433,0.9613,0.235,78.5883
BZ01,business,gemma3_4b,23,6,217,16.8609,1.0252,0.9754,0.9929,0.082,94.7609
BZ01,business,gemma3_4b,23,7,217,11.0563,1.0105,0.9896,0.9965,0.0656,98.7605
BZ01,business,gemma3_4b,24,0,217,42.6502,1.1049,0.9051,0.9605,0.148,69.8473
BZ01,business,gemma3_4b,24,1,217,57.9046,1.1488,0.8705,0.9236,0.2119,67.8915
BZ01,business,gemma3_4b,24,2,217,30.1292,1.0723,0.9326,0.9622,0.1029,87.2925
BZ01,business,gemma3_4b,24,3,217,16.8,1.0406,0.961,0.9803,0.0752,91.6414
BZ01,business,gemma3_4b,24,4,217,81.0883,1.1673,0.8567,0.8938,0.281,63.4083
BZ01,business,gemma3_4b,24,5,217,58.2711,1.0689,0.9356,0.9536,0.217,70.2709
BZ01,business,gemma3_4b,24,6,217,92.7547,1.219,0.8203,0.8578,0.3416,63.8551
BZ01,business,gemma3_4b,24,7,217,29.6967,1.0195,0.9809,0.9885,0.1281,89.6022
BZ01,business,gemma3_4b,25,0,217,25.7428,1.0326,0.9684,0.9794,0.0819,87.8834
BZ01,business,gemma3_4b,25,1,217,18.3196,1.0355,0.9657,0.9836,0.0883,86.9199
BZ01,business,gemma3_4b,25,2,217,42.6848,1.0266,0.9741,0.9803,0.1683,81.2685
BZ01,business,gemma3_4b,25,3,217,116.2625,1.6541,0.6046,0.6763,0.4769,46.666
BZ01,business,gemma3_4b,25,4,217,86.6355,1.1953,0.8366,0.8723,0.2492,73.9147
BZ01,business,gemma3_4b,25,5,217,35.648,1.0415,0.9601,0.9732,0.1589,85.4436
BZ01,business,gemma3_4b,25,6,217,30.2971,1.0272,0.9735,0.9806,0.1651,87.796
BZ01,business,gemma3_4b,25,7,217,37.0108,1.0546,0.9482,0.9641,0.1886,87.9195
BZ01,business,gemma3_4b,26,0,217,11.5981,1.0121,0.9881,0.9963,0.0731,93.0497
BZ01,business,gemma3_4b,26,1,217,10.1678,1.0085,0.9916,0.9956,0.0678,96.6286
BZ01,business,gemma3_4b,26,2,217,12.2362,1.022,0.9785,0.9934,0.0945,97.0414
BZ01,business,gemma3_4b,26,3,217,87.7714,1.1882,0.8416,0.8716,0.2942,68.1856
BZ01,business,gemma3_4b,26,4,217,8.6748,1.0102,0.9899,0.9959,0.0564,97.2745
BZ01,business,gemma3_4b,26,5,217,16.4905,1.0382,0.9632,0.9842,0.0615,93.4862
BZ01,business,gemma3_4b,26,6,217,9.9354,1.0337,0.9674,0.9915,0.062,89.7873
BZ01,business,gemma3_4b,26,7,217,63.148,1.0905,0.917,0.9414,0.2279,64.2051
BZ01,business,gemma3_4b,27,0,217,9.1299,1.0026,0.9974,0.9983,0.0672,102.7604
BZ01,business,gemma3_4b,27,1,217,132.1009,1.7394,0.5749,0.6371,0.4376,47.2085
BZ01,business,gemma3_4b,27,2,217,14.8219,1.0633,0.9405,0.9738,0.1172,84.0553
BZ01,business,gemma3_4b,27,3,217,67.0415,1.0903,0.9172,0.9286,0.2261,85.1441
BZ01,business,gemma3_4b,27,4,217,8.3915,1.0099,0.9902,0.9976,0.0733,102.456
BZ01,business,gemma3_4b,27,5,217,78.8302,1.0985,0.9104,0.9271,0.2586,83.7189
BZ01,business,gemma3_4b,27,6,217,54.6209,1.0598,0.9435,0.9611,0.1661,77.3932
BZ01,business,gemma3_4b,27,7,217,79.9956,1.1413,0.8762,0.9053,0.2502,66.654
BZ01,business,gemma3_4b,28,0,217,136.5276,1.6776,0.5961,0.6442,0.4275,51.1876
BZ01,business,gemma3_4b,28,1,217,5.5431,1.0024,0.9976,0.9987,0.0573,101.0287
BZ01,business,gemma3_4b,28,2,217,112.4736,1.167,0.8569,0.8687,0.3578,71.7426
BZ01,business,gemma3_4b,28,3,217,84.5162,1.133,0.8826,0.8964,0.3129,76.6149
BZ01,business,gemma3_4b,28,4,217,33.776,1.078,0.9276,0.9553,0.1977,82.9134
BZ01,business,gemma3_4b,28,5,217,41.7436,1.0682,0.9361,0.9529,0.1914,78.7211
BZ01,business,gemma3_4b,28,6,217,2.818,1.0006,0.9994,0.9997,0.0442,101.7701
BZ01,business,gemma3_4b,28,7,217,3.0051,1.0009,0.9991,0.9997,0.0458,101.7408
BZ01,business,gemma3_4b,29,0,217,11.668,1.0164,0.9839,0.9936,0.0587,93.0369
BZ01,business,gemma3_4b,29,1,217,9.9862,1.0266,0.9741,0.992,0.0464,96.5562
BZ01,business,gemma3_4b,29,2,217,6.1627,1.0049,0.9951,0.9981,0.0466,99.3799
BZ01,business,gemma3_4b,29,3,217,6.5144,1.0043,0.9957,0.998,0.0464,98.9376
BZ01,business,gemma3_4b,29,4,217,12.1486,1.0119,0.9882,0.9948,0.0605,95.7743
BZ01,business,gemma3_4b,29,5,217,10.0876,1.0071,0.9929,0.9963,0.0603,95.1537
BZ01,business,gemma3_4b,29,6,217,3.6646,1.0024,0.9976,0.9995,0.0523,104.8059
BZ01,business,gemma3_4b,29,7,217,5.4352,1.0013,0.9987,0.9991,0.0712,101.1125
BZ01,business,gemma3_4b,30,0,217,7.6135,1.006,0.9941,0.998,0.0656,96.3182
BZ01,business,gemma3_4b,30,1,217,41.866,1.0776,0.928,0.9487,0.1865,78.76
BZ01,business,gemma3_4b,30,2,217,10.2302,1.0055,0.9945,0.997,0.0703,95.3974
BZ01,business,gemma3_4b,30,3,217,16.9996,1.0135,0.9867,0.9932,0.0923,91.992
BZ01,business,gemma3_4b,30,4,217,59.4474,1.0806,0.9254,0.9442,0.205,73.3399
BZ01,business,gemma3_4b,30,5,217,17.5172,1.0126,0.9876,0.9938,0.0886,86.9871
BZ01,business,gemma3_4b,30,6,217,23.3532,1.0148,0.9854,0.9898,0.1139,84.0556
BZ01,business,gemma3_4b,30,7,217,18.5648,1.0098,0.9903,0.9936,0.102,86.6685
BZ01,business,gemma3_4b,31,0,217,7.1566,1.0029,0.9971,0.9983,0.0776,98.0582
BZ01,business,gemma3_4b,31,1,217,1.9281,1.0002,0.9998,0.9999,0.0392,104.8859
BZ01,business,gemma3_4b,31,2,217,97.6045,1.1131,0.8984,0.9152,0.2474,74.5244
BZ01,business,gemma3_4b,31,3,217,146.4273,1.9366,0.5164,0.5871,0.4898,45.2945
BZ01,business,gemma3_4b,31,4,217,105.1832,1.1461,0.8725,0.8859,0.2552,71.8626
BZ01,business,gemma3_4b,31,5,217,146.3135,2.4124,0.4145,0.5121,0.4182,40.5621
BZ01,business,gemma3_4b,31,6,217,82.8869,1.0594,0.9439,0.9523,0.2045,77.0261
BZ01,business,gemma3_4b,31,7,217,163.7399,2.5244,0.3961,0.4547,0.4963,40.0784
BZ01,business,gemma3_4b,32,0,217,38.707,1.083,0.9234,0.9412,0.1949,79.6572
BZ01,business,gemma3_4b,32,1,217,29.1264,1.0438,0.958,0.9741,0.1344,79.909
BZ01,business,gemma3_4b,32,2,217,169.2032,2.252,0.444,0.4731,0.5313,48.0073
BZ01,business,gemma3_4b,32,3,217,76.214,1.0919,0.9158,0.9346,0.2439,75.8305
BZ01,business,gemma3_4b,32,4,217,9.9364,1.0095,0.9905,0.996,0.0856,100.0085
BZ01,business,gemma3_4b,32,5,217,63.5183,1.0604,0.9431,0.9574,0.2511,77.6719
BZ01,business,gemma3_4b,32,6,217,98.856,1.2032,0.8311,0.854,0.3731,66.0205
BZ01,business,gemma3_4b,32,7,217,30.4854,1.0231,0.9774,0.9833,0.135,93.9159
BZ01,business,gemma3_4b,33,0,217,49.6197,1.0871,0.9198,0.9687,0.1837,70.3372
BZ01,business,gemma3_4b,33,1,217,7.7014,1.0165,0.9838,0.9983,0.0762,95.5709
BZ01,business,gemma3_4b,33,2,217,157.7266,1.6164,0.6186,0.6591,0.5106,50.4422
BZ01,business,gemma3_4b,33,3,217,106.9336,1.1351,0.881,0.9049,0.2714,72.3621
BZ01,business,gemma3_4b,33,4,217,41.2729,1.0251,0.9755,0.9822,0.1534,89.3922
BZ01,business,gemma3_4b,33,5,217,188.2613,9.4269,0.1061,0.1645,0.7321,20.9532
BZ01,business,gemma3_4b,33,6,217,162.7198,6.3558,0.1573,0.2424,0.6677,22.9991
BZ01,business,gemma3_4b,33,7,217,216.5266,103.3558,0.0097,0.0296,0.9657,3.9234
BZ02,business,gemma3_4b,0,0,225,60.7953,1.3764,0.7266,0.819,0.1615,54.634
BZ02,business,gemma3_4b,0,1,225,93.4348,1.8828,0.5311,0.644,0.1622,51.3093
BZ02,business,gemma3_4b,0,2,225,108.7091,2.1614,0.4627,0.5878,0.338,26.1886
BZ02,business,gemma3_4b,0,3,225,46.8498,1.525,0.6557,0.8894,0.1235,50.7169
BZ02,business,gemma3_4b,0,4,225,180.055,38.3585,0.0261,0.0968,0.9341,2.599
BZ02,business,gemma3_4b,0,5,225,95.6432,5.658,0.1767,0.4257,0.3004,27.3421
BZ02,business,gemma3_4b,0,6,225,123.4894,1.8892,0.5293,0.5635,0.4325,53.9469
BZ02,business,gemma3_4b,0,7,225,83.0357,1.3512,0.7401,0.7712,0.2933,68.7485
BZ02,business,gemma3_4b,1,0,225,51.8693,1.1052,0.9048,0.9275,0.187,84.5666
BZ02,business,gemma3_4b,1,1,225,61.8666,1.237,0.8084,0.8414,0.2549,75.506
BZ02,business,gemma3_4b,1,2,225,71.0178,1.2694,0.7878,0.8786,0.1787,52.8866
BZ02,business,gemma3_4b,1,3,225,30.0312,1.0567,0.9464,0.978,0.1088,67.5018
BZ02,business,gemma3_4b,1,4,225,119.7974,2.9578,0.3381,0.4292,0.4497,33.2383
BZ02,business,gemma3_4b,1,5,225,41.1492,1.1489,0.8704,0.917,0.0509,87.2545
BZ02,business,gemma3_4b,1,6,225,31.3504,1.0857,0.9211,0.9577,0.1301,72.6909
BZ02,business,gemma3_4b,1,7,225,36.2026,1.0898,0.9176,0.9413,0.1403,83.1684
BZ02,business,gemma3_4b,2,0,225,20.263,1.0266,0.974,0.9851,0.1074,98.6947
BZ02,business,gemma3_4b,2,1,225,71.9002,1.308,0.7645,0.8064,0.2688,67.7564
BZ02,business,gemma3_4b,2,2,225,151.5162,2.356,0.4244,0.4567,0.5951,45.506
BZ02,business,gemma3_4b,2,3,225,131.9134,1.65,0.6061,0.6425,0.5006,55.4558
BZ02,business,gemma3_4b,2,4,225,152.597,2.1165,0.4725,0.5424,0.3245,51.2966
BZ02,business,gemma3_4b,2,5,225,100.2288,1.7539,0.5702,0.6252,0.4263,53.2929
BZ02,business,gemma3_4b,2,6,225,89.2179,3.7804,0.2645,0.4397,0.543,13.2914
BZ02,business,gemma3_4b,2,7,225,80.6863,1.3902,0.7193,0.7838,0.1233,50.104
BZ02,business,gemma3_4b,3,0,225,81.813,1.3094,0.7637,0.8028,0.3448,65.8495
BZ02,business,gemma3_4b,3,1,225,88.4696,1.4157,0.7063,0.7556,0.3019,58.3514
BZ02,business,gemma3_4b,3,2,225,89.2534,1.3837,0.7227,0.757,0.3908,59.8107
BZ02,business,gemma3_4b,3,3,225,102.7703,2.1793,0.4589,0.5399,0.5029,43.7497
BZ02,business,gemma3_4b,3,4,225,113.5325,1.7874,0.5595,0.6062,0.5245,47.781
BZ02,business,gemma3_4b,3,5,225,106.3154,1.5524,0.6442,0.6992,0.3644,44.8423
BZ02,business,gemma3_4b,3,6,225,73.5773,1.7258,0.5794,0.6827,0.345,48.316
BZ02,business,gemma3_4b,3,7,225,81.0843,1.3041,0.7668,0.8055,0.293,65.8807
BZ02,business,gemma3_4b,4,0,225,88.005,1.4448,0.6921,0.7939,0.2244,45.0816
BZ02,business,gemma3_4b,4,1,225,96.339,3.2552,0.3072,0.5077,0.3348,33.2652
BZ02,business,gemma3_4b,4,2,225,58.691,1.1995,0.8337,0.8776,0.0534,82.5856
BZ02,business,gemma3_4b,4,3,225,116.735,1.7917,0.5581,0.6247,0.372,44.1951
BZ02,business,gemma3_4b,4,4,225,71.4396,2.9955,0.3338,0.5427,0.3701,22.2829
BZ02,business,gemma3_4b,4,5,225,120.1065,3.4379,0.2909,0.3744,0.6852,22.4452
BZ02,business,gemma3_4b,4,6,225,217.4311,66.392,0.0151,0.051,0.9121,6.1034
BZ02,business,gemma3_4b,4,7,225,40.5504,1.3255,0.7544,0.9371,0.0959,61.3676
BZ02,business,gemma3_4b,5,0,225,83.9506,1.336,0.7485,0.7943,0.147,71.0459
BZ02,business,gemma3_4b,5,1,225,22.1412,1.0479,0.9542,0.974,0.0596,102.2737
BZ02,business,gemma3_4b,5,2,225,23.6474,1.028,0.9728,0.9814,0.0698,100.5363
BZ02,business,gemma3_4b,5,3,225,33.2883,1.0986,0.9103,0.9466,0.0417,96.656
BZ02,business,gemma3_4b,5,4,225,108.2407,2.0138,0.4966,0.5948,0.4622,39.2627
BZ02,business,gemma3_4b,5,5,225,37.2905,1.0563,0.9467,0.9699,0.0931,77.3241
BZ02,business,gemma3_4b,5,6,225,80.5627,1.4709,0.6799,0.8323,0.1382,62.4521
BZ02,business,gemma3_4b,5,7,225,53.8951,1.2119,0.8252,0.908,0.1697,69.7814
BZ02,business,gemma3_4b,6,0,225,61.9492,1.155,0.8658,0.9088,0.2132,63.5464
BZ02,business,gemma3_4b,6,1,225,89.1341,1.33,0.7519,0.8009,0.3529,54.3363
BZ02,business,gemma3_4b,6,2,225,73.7234,1.5309,0.6532,0.8064,0.2182,60.2616
BZ02,business,gemma3_4b,6,3,225,71.9936,1.2987,0.77,0.8599,0.197,59.4435
BZ02,business,gemma3_4b,6,4,225,50.929,1.0827,0.9236,0.9444,0.0773,81.9786
BZ02,business,gemma3_4b,6,5,225,38.0538,1.0588,0.9445,0.9697,0.1441,65.2919
BZ02,business,gemma3_4b,6,6,225,105.3884,1.7803,0.5617,0.6326,0.4324,46.5783
BZ02,business,gemma3_4b,6,7,225,135.7958,1.3374,0.7477,0.7784,0.3588,54.1293
BZ02,business,gemma3_4b,7,0,225,161.1046,2.0202,0.495,0.5346,0.599,42.8627
BZ02,business,gemma3_4b,7,1,225,154.7046,2.1601,0.4629,0.517,0.594,42.9035
BZ02,business,gemma3_4b,7,2,225,74.1759,2.0528,0.4871,0.5963,0.4144,42.1882
BZ02,business,gemma3_4b,7,3,225,103.4389,1.5956,0.6267,0.6866,0.4401,48.096
BZ02,business,gemma3_4b,7,4,225,60.667,1.7446,0.5732,0.8263,0.1653,55.5274
BZ02,business,gemma3_4b,7,5,225,84.7997,2.9948,0.3339,0.4922,0.4578,36.0678
BZ02,business,gemma3_4b,7,6,225,78.1856,1.3161,0.7598,0.8247,0.2043,51.3546
BZ02,business,gemma3_4b,7,7,225,102.9146,2.2659,0.4413,0.5557,0.2468,45.1045
BZ02,business,gemma3_4b,8,0,225,107.2572,1.6294,0.6137,0.6756,0.4096,47.021
BZ02,business,gemma3_4b,8,1,225,150.1923,1.7637,0.567,0.6344,0.3815,50.6212
BZ02,business,gemma3_4b,8,2,225,101.3257,1.424,0.7022,0.7421,0.446,51.9194
BZ02,business,gemma3_4b,8,3,225,67.7708,1.1355,0.8806,0.8977,0.3105,69.2962
BZ02,business,gemma3_4b,8,4,225,86.8688,1.8832,0.531,0.6967,0.2727,47.4766
BZ02,business,gemma3_4b,8,5,225,88.5605,1.8696,0.5349,0.6237,0.3608,50.2425
BZ02,business,gemma3_4b,8,6,225,82.7226,1.6399,0.6098,0.7414,0.3233,36.575
BZ02,business,gemma3_4b,8,7,225,98.1366,1.8607,0.5374,0.6235,0.4791,44.5159
BZ02,business,gemma3_4b,9,0,225,94.6484,1.8282,0.547,0.6694,0.3244,45.8284
BZ02,business,gemma3_4b,9,1,225,92.9837,1.3564,0.7372,0.7924,0.3572,52.1714
BZ02,business,gemma3_4b,9,2,225,51.1761,1.2504,0.7998,0.905,0.1215,64.9813
BZ02,business,gemma3_4b,9,3,225,85.4508,1.4555,0.687,0.7845,0.1783,65.8371
BZ02,business,gemma3_4b,9,4,225,64.2868,1.4287,0.7,0.8187,0.1947,59.3233
BZ02,business,gemma3_4b,9,5,225,85.7655,2.4306,0.4114,0.6503,0.2467,50.0501
BZ02,business,gemma3_4b,9,6,225,53.7068,1.1052,0.9048,0.9339,0.1482,61.94
BZ02,business,gemma3_4b,9,7,225,89.0159,1.6252,0.6153,0.6917,0.2491,52.3965
BZ02,business,gemma3_4b,10,0,225,110.6878,2.417,0.4137,0.4904,0.5189,32.4998
BZ02,business,gemma3_4b,10,1,225,174.4757,3.1022,0.3224,0.3683,0.6702,35.8713
BZ02,business,gemma3_4b,10,2,225,60.1283,1.2238,0.8172,0.9111,0.1525,62.014
BZ02,business,gemma3_4b,10,3,225,69.5156,1.2355,0.8094,0.8789,0.2059,57.9621
BZ02,business,gemma3_4b,10,4,225,40.4278,1.0942,0.9139,0.9516,0.1725,63.0718
BZ02,business,gemma3_4b,10,5,225,102.6893,1.2681,0.7886,0.8529,0.2676,55.7166
BZ02,business,gemma3_4b,10,6,225,89.7261,1.6301,0.6135,0.6944,0.3896,44.6521
BZ02,business,gemma3_4b,10,7,225,66.2071,1.2188,0.8205,0.8769,0.2439,62.7744
BZ02,business,gemma3_4b,11,0,225,59.8263,1.1945,0.8371,0.9198,0.1551,65.1017
BZ02,business,gemma3_4b,11,1,225,29.2222,1.0496,0.9528,0.9755,0.1279,86.4346
BZ02,business,gemma3_4b,11,2,225,139.7181,1.5776,0.6339,0.693,0.3142,64.1342
BZ02,business,gemma3_4b,11,3,225,73.7696,1.1277,0.8868,0.932,0.1709,73.7681
BZ02,business,gemma3_4b,11,4,225,91.2019,1.5787,0.6334,0.7409,0.1587,66.3922
BZ02,business,gemma3_4b,11,5,225,14.1127,1.0272,0.9735,0.9864,0.0543,103.6298
BZ02,business,gemma3_4b,11,6,225,84.4241,3.6961,0.2706,0.5664,0.2214,57.8728
BZ02,business,gemma3_4b,11,7,225,97.1239,1.9763,0.506,0.6631,0.2395,57.4023
BZ02,business,gemma3_4b,12,0,225,66.7848,1.2437,0.804,0.8628,0.1955,63.2433
BZ02,business,gemma3_4b,12,1,225,68.5313,1.3358,0.7486,0.8269,0.1133,68.1317
BZ02,business,gemma3_4b,12,2,225,124.0052,5.2084,0.192,0.3191,0.5643,22.1858
BZ02,business,gemma3_4b,12,3,225,84.3901,1.7006,0.588,0.705,0.2618,43.3739
BZ02,business,gemma3_4b,12,4,225,87.0162,2.2115,0.4522,0.6181,0.3213,41.5614
BZ02,business,gemma3_4b,12,5,225,115.7876,1.7217,0.5808,0.6708,0.3503,50.8631
BZ02,business,gemma3_4b,12,6,225,97.7688,2.0779,0.4813,0.602,0.319,43.2111
BZ02,business,gemma3_4b,12,7,225,95.6828,1.711,0.5844,0.6568,0.3837,48.826
BZ02,business,gemma3_4b,13,0,225,121.2612,2.0439,0.4893,0.5446,0.5816,38.9509
BZ02,business,gemma3_4b,13,1,225,128.1811,1.9469,0.5136,0.5652,0.5587,40.7773
BZ02,business,gemma3_4b,13,2,225,58.9581,1.1622,0.8605,0.9149,0.1803,65.777
BZ02,business,gemma3_4b,13,3,225,91.9886,2.3188,0.4313,0.5695,0.3378,41.5186
BZ02,business,gemma3_4b,13,4,225,75.9721,1.3617,0.7344,0.8166,0.2044,60.9317
BZ02,business,gemma3_4b,13,5,225,42.9191,1.1178,0.8946,0.9461,0.1234,73.53
BZ02,business,gemma3_4b,13,6,225,145.8977,1.5633,0.6397,0.69,0.4341,51.8975
BZ02,business,gemma3_4b,13,7,225,166.2851,1.7482,0.572,0.6197,0.4009,48.4425
BZ02,business,gemma3_4b,14,0,225,94.9638,1.3711,0.7293,0.7715,0.3992,53.4017
BZ02,business,gemma3_4b,14,1,225,73.5482,1.2388,0.8072,0.8521,0.289,60.1128
BZ02,business,gemma3_4b,14,2,225,113.2275,1.8943,0.5279,0.6322,0.3513,46.0054
BZ02,business,gemma3_4b,14,3,225,126.597,2.7714,0.3608,0.4834,0.3947,47.0671
BZ02,business,gemma3_4b,14,4,225,109.4103,2.3376,0.4278,0.5428,0.4982,38.8976
BZ02,business,gemma3_4b,14,5,225,81.8555,2.0464,0.4887,0.5797,0.4599,43.4529
BZ02,business,gemma3_4b,14,6,225,101.7526,4.305,0.2323,0.4498,0.3565,31.3047
BZ02,business,gemma3_4b,14,7,225,219.2257,25.5401,0.0392,0.0712,0.7303,18.6936
BZ02,business,gemma3_4b,15,0,225,64.4412,1.1274,0.887,0.9213,0.215,65.4307
BZ02,business,gemma3_4b,15,1,225,66.2421,1.2507,0.7996,0.8713,0.2508,63.2497
BZ02,business,gemma3_4b,15,2,225,52.2243,1.0769,0.9286,0.9506,0.1998,65.6871
BZ02,business,gemma3_4b,15,3,225,91.4628,1.4828,0.6744,0.7377,0.3929,50.48
BZ02,business,gemma3_4b,15,4,225,59.1263,1.1325,0.883,0.9313,0.2133,67.8028
BZ02,business,gemma3_4b,15,5,225,58.3324,1.2283,0.8141,0.8905,0.1965,68.6249
BZ02,business,gemma3_4b,15,6,225,65.4241,1.2222,0.8182,0.8885,0.2108,61.4154
BZ02,business,gemma3_4b,15,7,225,73.0527,1.2687,0.7882,0.8543,0.2312,62.8804
BZ02,business,gemma3_4b,16,0,225,164.7096,3.0075,0.3325,0.385,0.6785,32.4418
BZ02,business,gemma3_4b,16,1,225,116.9337,1.5926,0.6279,0.6957,0.3675,47.2403
BZ02,business,gemma3_4b,16,2,225,84.2074,1.4024,0.713,0.7821,0.3367,44.9573
BZ02,business,gemma3_4b,16,3,225,81.8659,1.2586,0.7945,0.8389,0.3247,54.5842
BZ02,business,gemma3_4b,16,4,225,78.6102,1.5855,0.6307,0.7402,0.3265,47.9327
BZ02,business,gemma3_4b,16,5,225,103.291,1.5853,0.6308,0.6988,0.3798,45.3379
BZ02,business,gemma3_4b,16,6,225,70.0893,2.84,0.3521,0.6317,0.2264,44.3263
BZ02,business,gemma3_4b,16,7,225,112.4443,3.9449,0.2535,0.4384,0.3484,38.7912
BZ02,business,gemma3_4b,17,0,225,113.6651,2.1108,0.4737,0.6071,0.2979,59.8698
BZ02,business,gemma3_4b,17,1,225,109.1371,1.3124,0.762,0.8323,0.2233,64.8023
BZ02,business,gemma3_4b,17,2,225,72.1791,1.4055,0.7115,0.821,0.1871,69.1734
BZ02,business,gemma3_4b,17,3,225,131.7704,2.0978,0.4767,0.5767,0.3608,58.1455
BZ02,business,gemma3_4b,17,4,225,53.2552,1.1349,0.8811,0.9247,0.1788,75.4288
BZ02,business,gemma3_4b,17,5,225,19.2707,1.0393,0.9622,0.9823,0.0987,95.1251
BZ02,business,gemma3_4b,17,6,225,32.0071,1.0426,0.9592,0.9791,0.0822,85.1431
BZ02,business,gemma3_4b,17,7,225,33.5091,1.0681,0.9363,0.9681,0.115,75.2869
BZ02,business,gemma3_4b,18,0,225,76.2566,1.1852,0.8437,0.8824,0.3112,66.8983
BZ02,business,gemma3_4b,18,1,225,74.7153,1.3394,0.7466,0.8037,0.2551,62.4436
BZ02,business,gemma3_4b,18,2,225,123.3377,1.6045,0.6232,0.6976,0.3684,51.8451
BZ02,business,gemma3_4b,18,3,225,118.1962,2.3445,0.4265,0.5219,0.4679,36.4652
BZ02,business,gemma3_4b,18,4,225,115.6335,1.4657,0.6822,0.7251,0.4486,54.218
BZ02,business,gemma3_4b,18,5,225,87.7378,1.2225,0.818,0.8482,0.3764,59.5543
BZ02,business,gemma3_4b,18,6,225,122.3933,2.6609,0.3758,0.487,0.5115,34.1054
BZ02,business,gemma3_4b,18,7,225,111.7887,5.1375,0.1946,0.3568,0.5912,24.6379
BZ02,business,gemma3_4b,19,0,225,82.4058,1.1523,0.8678,0.893,0.2875,63.8436
BZ02,business,gemma3_4b,19,1,225,54.924,1.0857,0.9211,0.9466,0.2027,76.3412
BZ02,business,gemma3_4b,19,2,225,105.176,1.4348,0.697,0.739,0.4637,45.8989
BZ02,business,gemma3_4b,19,3,225,50.8099,1.2471,0.8019,0.8694,0.2436,58.3894
BZ02,business,gemma3_4b,19,4,225,132.432,2.3146,0.432,0.5539,0.3908,43.4985
BZ02,business,gemma3_4b,19,5,225,137.0331,4.0249,0.2485,0.3793,0.4435,37.9263
BZ02,business,gemma3_4b,19,6,225,67.0408,1.3774,0.726,0.8128,0.3616,63.3586
BZ02,business,gemma3_4b,19,7,225,81.4945,1.1342,0.8817,0.9132,0.1635,82.0101
BZ02,business,gemma3_4b,20,0,225,43.1236,1.0745,0.9307,0.9552,0.1745,76.1858
BZ02,business,gemma3_4b,20,1,225,87.312,1.2992,0.7697,0.8348,0.2734,55.6474
BZ02,business,gemma3_4b,20,2,225,67.197,1.2585,0.7946,0.8419,0.3042,58.5635
BZ02,business,gemma3_4b,20,3,225,43.5621,1.0542,0.9486,0.9652,0.1814,76.5969
BZ02,business,gemma3_4b,20,4,225,76.769,1.4027,0.7129,0.7898,0.3872,49.9137
BZ02,business,gemma3_4b,20,5,225,90.2172,1.4968,0.6681,0.7226,0.4774,53.791
BZ02,business,gemma3_4b,20,6,225,174.9879,2.0262,0.4935,0.5478,0.4582,47.7933
BZ02,business,gemma3_4b,20,7,225,136.9356,2.7527,0.3633,0.4581,0.575,30.2483
BZ02,business,gemma3_4b,21,0,225,68.9584,1.2048,0.83,0.8787,0.2232,66.6762
BZ02,business,gemma3_4b,21,1,225,13.344,1.0117,0.9884,0.9947,0.0827,99.7635
BZ02,business,gemma3_4b,21,2,225,54.2135,1.1798,0.8476,0.9131,0.1271,70.6548
BZ02,business,gemma3_4b,21,3,225,117.7647,1.6095,0.6213,0.6626,0.5224,51.4326
BZ02,business,gemma3_4b,21,4,225,75.3461,1.2881,0.7763,0.8321,0.3765,63.6523
BZ02,business,gemma3_4b,21,5,225,30.9242,1.0381,0.9633,0.9788,0.1827,90.2248
BZ02,business,gemma3_4b,21,6,225,43.1619,1.0932,0.9147,0.9457,0.1208,84.0635
BZ02,business,gemma3_4b,21,7,225,67.0297,1.0811,0.9249,0.9411,0.2269,71.7525
BZ02,business,gemma3_4b,22,0,225,111.0709,1.2225,0.818,0.8433,0.3778,61.6129
BZ02,business,gemma3_4b,22,1,225,165.4114,1.7307,0.5778,0.6066,0.5231,55.7129
BZ02,business,gemma3_4b,22,2,225,171.9086,1.8638,0.5365,0.5758,0.4711,46.7462
BZ02,business,gemma3_4b,22,3,225,139.2876,1.8869,0.53,0.5866,0.5598,46.6235
BZ02,business,gemma3_4b,22,4,225,166.0237,1.7338,0.5768,0.6272,0.3709,52.5258
BZ02,business,gemma3_4b,22,5,225,112.8851,2.0215,0.4947,0.6623,0.321,51.5961
BZ02,business,gemma3_4b,22,6,225,106.0374,1.4114,0.7085,0.7678,0.3365,59.3391
BZ02,business,gemma3_4b,22,7,225,127.8745,1.5803,0.6328,0.7036,0.3243,57.8506
BZ02,business,gemma3_4b,23,0,225,26.557,1.0373,0.9641,0.9813,0.0913,93.2928
BZ02,business,gemma3_4b,23,1,225,34.8234,1.1004,0.9088,0.9397,0.0778,93.9436
BZ02,business,gemma3_4b,23,2,225,96.5391,1.4602,0.6848,0.7612,0.2733,59.0643
BZ02,business,gemma3_4b,23,3,225,58.7093,1.1108,0.9002,0.937,0.1517,80.8016
BZ02,business,gemma3_4b,23,4,225,11.4379,1.0084,0.9916,0.9952,0.0672,94.5108
BZ02,business,gemma3_4b,23,5,225,46.4267,1.0464,0.9556,0.9657,0.2237,81.844
BZ02,business,gemma3_4b,23,6,225,19.0771,1.0283,0.9725,0.9918,0.092,97.7512
BZ02,business,gemma3_4b,23,7,225,10.7808,1.0055,0.9945,0.9968,0.0661,102.6541
BZ02,business,gemma3_4b,24,0,225,42.6834,1.0994,0.9096,0.9593,0.1526,70.1579
BZ02,business,gemma3_4b,24,1,225,51.5123,1.1095,0.9013,0.946,0.1884,73.7849
BZ02,business,gemma3_4b,24,2,225,34.6661,1.0879,0.9192,0.9478,0.1103,88.6776
BZ02,business,gemma3_4b,24,3,225,21.9175,1.0582,0.945,0.9731,0.0915,91.3354
BZ02,business,gemma3_4b,24,4,225,80.1895,1.128,0.8865,0.91,0.2588,69.3249
BZ02,business,gemma3_4b,24,5,225,65.8356,1.0857,0.921,0.9438,0.2377,69.7289
BZ02,business,gemma3_4b,24,6,225,99.4914,1.2481,0.8012,0.8463,0.3546,64.9242
BZ02,business,gemma3_4b,24,7,225,27.0187,1.0166,0.9836,0.9916,0.1198,93.8998
BZ02,business,gemma3_4b,25,0,225,35.5951,1.0892,0.9181,0.9511,0.1135,84.6374
BZ02,business,gemma3_4b,25,1,225,22.074,1.0595,0.9439,0.9757,0.1065,85.8623
BZ02,business,gemma3_4b,25,2,225,45.9358,1.0316,0.9694,0.9772,0.1735,81.5383
BZ02,business,gemma3_4b,25,3,225,113.5947,1.4719,0.6794,0.7253,0.4361,52.3438
BZ02,business,gemma3_4b,25,4,225,95.6014,1.243,0.8045,0.8498,0.2671,74.11
BZ02,business,gemma3_4b,25,5,225,40.7128,1.0426,0.9592,0.9726,0.1714,85.874
BZ02,business,gemma3_4b,25,6,225,29.2541,1.0235,0.9771,0.9829,0.1565,92.4255
BZ02,business,gemma3_4b,25,7,225,40.1966,1.0657,0.9383,0.9589,0.1974,90.7896
BZ02,business,gemma3_4b,26,0,225,13.5898,1.0084,0.9917,0.9956,0.0781,96.9091
BZ02,business,gemma3_4b,26,1,225,14.1086,1.0113,0.9889,0.9927,0.0797,98.3014
BZ02,business,gemma3_4b,26,2,225,11.1403,1.0113,0.9888,0.9959,0.0836,99.7451
BZ02,business,gemma3_4b,26,3,225,102.2219,1.2392,0.8069,0.84,0.3216,68.7242
BZ02,business,gemma3_4b,26,4,225,11.5687,1.012,0.9881,0.9951,0.0617,98.6284
BZ02,business,gemma3_4b,26,5,225,22.1365,1.0523,0.9503,0.9745,0.0813,93.6951
BZ02,business,gemma3_4b,26,6,225,11.2643,1.0348,0.9664,0.9886,0.0667,91.4612
BZ02,business,gemma3_4b,26,7,225,61.5975,1.0948,0.9134,0.9398,0.2192,65.1873
BZ02,business,gemma3_4b,27,0,225,11.7369,1.0033,0.9967,0.9976,0.0728,105.9766
BZ02,business,gemma3_4b,27,1,225,131.6412,1.6539,0.6046,0.6522,0.4353,50.3452
BZ02,business,gemma3_4b,27,2,225,18.325,1.0875,0.9195,0.9602,0.1304,82.1002
BZ02,business,gemma3_4b,27,3,225,68.3802,1.0943,0.9138,0.9283,0.2276,89.3192
BZ02,business,gemma3_4b,27,4,225,11.6817,1.0142,0.986,0.9939,0.0868,104.5677
BZ02,business,gemma3_4b,27,5,225,90.0757,1.1072,0.9032,0.9202,0.2712,85.1338
BZ02,business,gemma3_4b,27,6,225,63.1042,1.0719,0.9329,0.9498,0.1818,79.9787
BZ02,business,gemma3_4b,27,7,225,87.551,1.1639,0.8592,0.8868,0.2749,66.1997
BZ02,business,gemma3_4b,28,0,225,140.6055,1.6862,0.593,0.6462,0.4394,51.0571
BZ02,business,gemma3_4b,28,1,225,7.7315,1.0053,0.9947,0.9978,0.0652,103.5888
BZ02,business,gemma3_4b,28,2,225,115.2779,1.1522,0.8679,0.8802,0.3488,75.1933
BZ02,business,gemma3_4b,28,3,225,88.5007,1.1273,0.8871,0.9009,0.3042,80.3937
BZ02,business,gemma3_4b,28,4,225,34.4967,1.0551,0.9478,0.9602,0.1801,86.1884
BZ02,business,gemma3_4b,28,5,225,41.5657,1.0588,0.9445,0.9609,0.1851,81.9962
BZ02,business,gemma3_4b,28,6,225,2.7409,1.0005,0.9995,0.9998,0.042,106.2463
BZ02,business,gemma3_4b,28,7,225,2.8767,1.0009,0.9991,0.9997,0.0442,105.9827
BZ02,business,gemma3_4b,29,0,225,15.2927,1.0219,0.9785,0.9903,0.0654,94.2113
BZ02,business,gemma3_4b,29,1,225,12.9329,1.0289,0.9719,0.9894,0.0514,95.7777
BZ02,business,gemma3_4b,29,2,225,7.9951,1.0061,0.994,0.9964,0.0577,101.2471
BZ02,business,gemma3_4b,29,3,225,9.2888,1.0066,0.9934,0.9967,0.0562,100.3622
BZ02,business,gemma3_4b,29,4,225,16.4527,1.0167,0.9836,0.9917,0.0714,96.8069
BZ02,business,gemma3_4b,29,5,225,12.5398,1.0084,0.9916,0.9951,0.0675,98.7111
BZ02,business,gemma3_4b,29,6,225,5.5899,1.0046,0.9954,0.9986,0.0618,108.0797
BZ02,business,gemma3_4b,29,7,225,7.712,1.0046,0.9954,0.9986,0.0826,102.7028
BZ02,business,gemma3_4b,30,0,225,8.8735,1.0058,0.9943,0.9975,0.0697,98.5314
BZ02,business,gemma3_4b,30,1,225,51.0414,1.1039,0.9059,0.9339,0.2101,78.7239
BZ02,business,gemma3_4b,30,2,225,17.8019,1.0113,0.9888,0.9924,0.0902,95.3637
BZ02,business,gemma3_4b,30,3,225,25.1308,1.0197,0.9807,0.9884,0.1093,92.2135
BZ02,business,gemma3_4b,30,4,225,68.4969,1.1114,0.8997,0.9238,0.2432,72.168
BZ02,business,gemma3_4b,30,5,225,23.7987,1.0181,0.9822,0.9892,0.1044,88.4705
BZ02,business,gemma3_4b,30,6,225,29.5575,1.0207,0.9797,0.9861,0.123,86.3012
BZ02,business,gemma3_4b,30,7,225,25.3167,1.0155,0.9847,0.9897,0.116,87.2942
BZ02,business,gemma3_4b,31,0,225,8.1621,1.0035,0.9965,0.9979,0.0844,101.7376
BZ02,business,gemma3_4b,31,1,225,1.7928,1.0002,0.9998,0.9999,0.037,109.3019
BZ02,business,gemma3_4b,31,2,225,97.6259,1.1021,0.9073,0.9231,0.238,77.3634
BZ02,business,gemma3_4b,31,3,225,150.4031,1.985,0.5038,0.5758,0.493,45.2736
BZ02,business,gemma3_4b,31,4,225,115.5779,1.1797,0.8476,0.8612,0.2729,72.4186
BZ02,business,gemma3_4b,31,5,225,147.4461,2.683,0.3727,0.4809,0.4043,41.4969
BZ02,business,gemma3_4b,31,6,225,89.6721,1.0632,0.9406,0.9484,0.2052,80.4252
BZ02,business,gemma3_4b,31,7,225,165.5961,2.2633,0.4418,0.5028,0.4795,42.2591
BZ02,business,gemma3_4b,32,0,225,31.8207,1.055,0.9479,0.9615,0.1665,90.0235
BZ02,business,gemma3_4b,32,1,225,22.4454,1.0185,0.9819,0.9878,0.1106,87.3828
BZ02,business,gemma3_4b,32,2,225,180.2412,2.5644,0.39,0.4178,0.5627,46.9513
BZ02,business,gemma3_4b,32,3,225,75.4592,1.0855,0.9212,0.9384,0.2362,78.6
BZ02,business,gemma3_4b,32,4,225,12.2974,1.0181,0.9822,0.992,0.0951,102.9231
BZ02,business,gemma3_4b,32,5,225,63.0718,1.064,0.9398,0.9621,0.2528,80.9255
BZ02,business,gemma3_4b,32,6,225,96.4327,1.1887,0.8412,0.8667,0.3564,68.4767
BZ02,business,gemma3_4b,32,7,225,37.3212,1.0319,0.9691,0.9773,0.1506,96.2153
BZ02,business,gemma3_4b,33,0,225,49.6546,1.0928,0.9151,0.9672,0.1855,71.3666
BZ02,business,gemma3_4b,33,1,225,11.8229,1.0216,0.9789,0.9966,0.0947,95.1276
BZ02,business,gemma3_4b,33,2,225,161.305,1.624,0.6158,0.6593,0.5066,52.9331
BZ02,business,gemma3_4b,33,3,225,113.1033,1.1441,0.874,0.9021,0.273,75.1241
BZ02,business,gemma3_4b,33,4,225,49.1969,1.0233,0.9772,0.9827,0.1595,92.3525
BZ02,business,gemma3_4b,33,5,225,190.179,8.5076,0.1175,0.1848,0.711,21.7356
BZ02,business,gemma3_4b,33,6,225,168.1989,6.6247,0.151,0.2369,0.6771,23.0319
BZ02,business,gemma3_4b,33,7,225,224.0391,92.8631,0.0108,0.0304,0.957,4.3944
BZ05,business,gemma3_4b,0,0,213,62.0693,1.3933,0.7177,0.7967,0.1779,50.445
BZ05,business,gemma3_4b,0,1,213,90.8582,1.7325,0.5772,0.6583,0.136,50.1139
BZ05,business,gemma3_4b,0,2,213,106.3934,2.2963,0.4355,0.5587,0.3609,23.641
BZ05,business,gemma3_4b,0,3,213,44.7378,1.4054,0.7115,0.9156,0.1254,47.9194
BZ05,business,gemma3_4b,0,4,213,173.6597,36.386,0.0275,0.0925,0.9421,2.4895
BZ05,business,gemma3_4b,0,5,213,91.5707,5.1448,0.1944,0.4695,0.2989,25.9268
BZ05,business,gemma3_4b,0,6,213,114.2466,1.7207,0.5812,0.6176,0.4135,52.4431
BZ05,business,gemma3_4b,0,7,213,66.5128,1.2247,0.8165,0.848,0.2434,69.1957
BZ05,business,gemma3_4b,1,0,213,41.8826,1.0757,0.9296,0.9522,0.1655,82.7391
BZ05,business,gemma3_4b,1,1,213,60.144,1.1913,0.8395,0.8684,0.2458,72.5606
BZ05,business,gemma3_4b,1,2,213,60.7288,1.2029,0.8313,0.9101,0.1682,53.4625
BZ05,business,gemma3_4b,1,3,213,29.4643,1.0545,0.9483,0.9787,0.1108,62.898
BZ05,business,gemma3_4b,1,4,213,114.3122,2.8966,0.3452,0.4347,0.4649,31.0674
BZ05,business,gemma3_4b,1,5,213,39.9613,1.15,0.8696,0.9241,0.0522,81.975
BZ05,business,gemma3_4b,1,6,213,26.4463,1.085,0.9216,0.962,0.1253,67.0175
BZ05,business,gemma3_4b,1,7,213,34.0674,1.1075,0.9029,0.9281,0.1455,78.6659
BZ05,business,gemma3_4b,2,0,213,17.4951,1.0257,0.975,0.9875,0.1052,93.9903
BZ05,business,gemma3_4b,2,1,213,70.5466,1.2811,0.7806,0.8194,0.2648,62.4416
BZ05,business,gemma3_4b,2,2,213,146.8785,2.358,0.4241,0.4536,0.5969,43.5171
BZ05,business,gemma3_4b,2,3,213,129.1641,1.719,0.5817,0.6199,0.5167,49.625
BZ05,business,gemma3_4b,2,4,213,142.2087,2.1127,0.4733,0.542,0.3249,49.1068
BZ05,business,gemma3_4b,2,5,213,99.7396,1.6766,0.5964,0.6485,0.4161,51.6481
BZ05,business,gemma3_4b,2,6,213,84.8432,3.7053,0.2699,0.4478,0.5532,12.2223
BZ05,business,gemma3_4b,2,7,213,76.3897,1.4142,0.7071,0.7813,0.1373,45.9952
BZ05,business,gemma3_4b,3,0,213,78.6956,1.312,0.7622,0.8039,0.3452,61.3628
BZ05,business,gemma3_4b,3,1,213,86.5726,1.4392,0.6948,0.7557,0.3151,54.4556
BZ05,business,gemma3_4b,3,2,213,89.4446,1.4356,0.6966,0.7321,0.411,54.1966
BZ05,business,gemma3_4b,3,3,213,97.5874,2.2085,0.4528,0.523,0.5076,41.4344
BZ05,business,gemma3_4b,3,4,213,111.8985,1.8479,0.5412,0.5838,0.5349,44.2259
BZ05,business,gemma3_4b,3,5,213,107.9173,1.6349,0.6117,0.6734,0.3978,40.4506
BZ05,business,gemma3_4b,3,6,213,73.3817,1.9371,0.5162,0.6343,0.3663,43.4353
BZ05,business,gemma3_4b,3,7,213,76.5769,1.2937,0.773,0.8071,0.2768,64.3879
BZ05,business,gemma3_4b,4,0,213,85.2611,1.4612,0.6844,0.8029,0.2244,43.8218
BZ05,business,gemma3_4b,4,1,213,90.6077,3.1947,0.313,0.5094,0.349,31.888
BZ05,business,gemma3_4b,4,2,213,62.8214,1.2175,0.8214,0.8696,0.0699,76.4134
BZ05,business,gemma3_4b,4,3,213,107.8275,1.8474,0.5413,0.6308,0.3901,41.7832
BZ05,business,gemma3_4b,4,4,213,69.1456,2.767,0.3614,0.5723,0.3753,21.8721
BZ05,business,gemma3_4b,4,5,213,114.0201,3.275,0.3053,0.386,0.6904,21.5189
BZ05,business,gemma3_4b,4,6,213,206.5375,63.7719,0.0157,0.0486,0.9154,5.4719
BZ05,business,gemma3_4b,4,7,213,37.8867,1.2896,0.7754,0.9415,0.0988,58.4574
BZ05,business,gemma3_4b,5,0,213,82.5513,1.3356,0.7487,0.7993,0.1654,67.6841
BZ05,business,gemma3_4b,5,1,213,23.4434,1.0484,0.9538,0.9753,0.0593,95.7615
BZ05,business,gemma3_4b,5,2,213,26.1343,1.0411,0.9605,0.98,0.0769,94.0605
BZ05,business,gemma3_4b,5,3,213,30.59,1.0948,0.9134,0.9591,0.0447,92.5332
BZ05,business,gemma3_4b,5,4,213,105.3318,2.0408,0.49,0.5834,0.478,36.5298
BZ05,business,gemma3_4b,5,5,213,32.8784,1.0557,0.9472,0.9704,0.0903,72.115
BZ05,business,gemma3_4b,5,6,213,72.9893,1.446,0.6915,0.8447,0.1356,60.4743
BZ05,business,gemma3_4b,5,7,213,48.5435,1.2307,0.8125,0.9204,0.1643,66.8082
BZ05,business,gemma3_4b,6,0,213,51.0116,1.1255,0.8885,0.9227,0.2036,62.349
BZ05,business,gemma3_4b,6,1,213,84.8239,1.3206,0.7572,0.8024,0.361,52.0733
BZ05,business,gemma3_4b,6,2,213,72.0784,1.5212,0.6574,0.7993,0.226,56.1665
BZ05,business,gemma3_4b,6,3,213,63.3157,1.23,0.813,0.8934,0.1888,59.1375
BZ05,business,gemma3_4b,6,4,213,50.1569,1.0806,0.9254,0.9482,0.0825,76.8457
BZ05,business,gemma3_4b,6,5,213,35.894,1.0614,0.9421,0.9709,0.1462,61.5793
BZ05,business,gemma3_4b,6,6,213,103.952,1.8414,0.5431,0.6061,0.4449,43.6406
BZ05,business,gemma3_4b,6,7,213,131.6034,1.3323,0.7506,0.7812,0.3573,51.0081
BZ05,business,gemma3_4b,7,0,213,148.8175,1.9541,0.5117,0.5525,0.5977,39.7832
BZ05,business,gemma3_4b,7,1,213,154.7959,2.3199,0.4311,0.4784,0.6158,38.864
BZ05,business,gemma3_4b,7,2,213,68.4684,2.1135,0.4731,0.596,0.4252,39.5171
BZ05,business,gemma3_4b,7,3,213,103.6845,1.5861,0.6305,0.6839,0.4477,45.7688
BZ05,business,gemma3_4b,7,4,213,59.4675,1.7104,0.5847,0.8289,0.1743,52.0293
BZ05,business,gemma3_4b,7,5,213,78.6726,2.8183,0.3548,0.5139,0.4644,35.6278
BZ05,business,gemma3_4b,7,6,213,77.5907,1.382,0.7236,0.8035,0.2201,46.6985
BZ05,business,gemma3_4b,7,7,213,104.7966,2.5129,0.3979,0.5199,0.2637,39.9466
BZ05,business,gemma3_4b,8,0,213,109.2631,1.6927,0.5908,0.6531,0.4378,42.622
BZ05,business,gemma3_4b,8,1,213,137.0484,1.5966,0.6263,0.6809,0.3698,49.846
BZ05,business,gemma3_4b,8,2,213,95.7975,1.4031,0.7127,0.7525,0.446,50.0929
BZ05,business,gemma3_4b,8,3,213,64.6901,1.1472,0.8717,0.8931,0.3171,65.0454
BZ05,business,gemma3_4b,8,4,213,87.9233,1.8871,0.5299,0.6858,0.2812,44.5754
BZ05,business,gemma3_4b,8,5,213,92.9423,2.2136,0.4517,0.5373,0.4037,44.6485
BZ05,business,gemma3_4b,8,6,213,78.505,1.5373,0.6505,0.7726,0.3278,35.6602
BZ05,business,gemma3_4b,8,7,213,94.0608,1.8852,0.5304,0.5991,0.4986,41.4538
BZ05,business,gemma3_4b,9,0,213,86.824,1.8806,0.5317,0.6492,0.3286,44.6671
BZ05,business,gemma3_4b,9,1,213,87.0794,1.3431,0.7445,0.8043,0.3545,51.0578
BZ05,business,gemma3_4b,9,2,213,47.8598,1.3513,0.7401,0.8957,0.1218,61.8296
BZ05,business,gemma3_4b,9,3,213,77.6148,1.4565,0.6866,0.7948,0.1681,63.7223
BZ05,business,gemma3_4b,9,4,213,63.8431,1.4677,0.6813,0.8286,0.1967,56.1293
BZ05,business,gemma3_4b,9,5,213,80.905,2.5278,0.3956,0.6818,0.2702,48.1865
BZ05,business,gemma3_4b,9,6,213,55.3274,1.1285,0.8861,0.9213,0.163,56.866
BZ05,business,gemma3_4b,9,7,213,91.0933,1.7825,0.561,0.651,0.2603,47.9156
BZ05,business,gemma3_4b,10,0,213,104.3644,2.2963,0.4355,0.5172,0.5251,32.0523
BZ05,business,gemma3_4b,10,1,213,168.5544,3.3698,0.2968,0.3453,0.6882,32.9907
BZ05,business,gemma3_4b,10,2,213,53.9797,1.1681,0.8561,0.9276,0.1563,59.2434
BZ05,business,gemma3_4b,10,3,213,66.1241,1.2262,0.8155,0.8776,0.2268,54.2661
BZ05,business,gemma3_4b,10,4,213,43.4517,1.1283,0.8863,0.9378,0.1875,58.9477
BZ05,business,gemma3_4b,10,5,213,98.1696,1.2801,0.7812,0.8524,0.2837,52.3564
BZ05,business,gemma3_4b,10,6,213,88.6437,1.6246,0.6155,0.692,0.4004,42.8135
BZ05,business,gemma3_4b,10,7,213,64.4548,1.29,0.7752,0.8483,0.2697,58.4685
BZ05,business,gemma3_4b,11,0,213,54.5945,1.1685,0.8558,0.9305,0.1559,63.1826
BZ05,business,gemma3_4b,11,1,213,27.7244,1.0447,0.9572,0.9788,0.1295,80.9951
BZ05,business,gemma3_4b,11,2,213,135.2307,1.5104,0.6621,0.7246,0.3159,61.4774
BZ05,business,gemma3_4b,11,3,213,65.9606,1.1154,0.8966,0.9434,0.1666,70.9519
BZ05,business,gemma3_4b,11,4,213,89.3989,1.6254,0.6152,0.7342,0.1819,61.793
BZ05,business,gemma3_4b,11,5,213,12.1332,1.0277,0.9731,0.9907,0.0557,98.6263
BZ05,business,gemma3_4b,11,6,213,74.2185,4.3564,0.2295,0.588,0.2135,56.1525
BZ05,business,gemma3_4b,11,7,213,87.5231,2.0162,0.496,0.675,0.2255,57.5221
BZ05,business,gemma3_4b,12,0,213,64.8002,1.3078,0.7647,0.8547,0.1994,57.199
BZ05,business,gemma3_4b,12,1,213,64.842,1.4489,0.6902,0.8082,0.1202,63.891
BZ05,business,gemma3_4b,12,2,213,117.6143,4.7458,0.2107,0.3409,0.5637,22.6246
BZ05,business,gemma3_4b,12,3,213,80.4873,1.7115,0.5843,0.7157,0.2712,40.4252
BZ05,business,gemma3_4b,12,4,213,82.7458,2.1536,0.4643,0.6271,0.3362,40.9631
BZ05,business,gemma3_4b,12,5,213,113.1195,1.8342,0.5452,0.6428,0.3442,47.3308
BZ05,business,gemma3_4b,12,6,213,90.2618,2.2127,0.4519,0.6108,0.3163,41.3978
BZ05,business,gemma3_4b,12,7,213,88.3302,1.837,0.5444,0.6329,0.3864,46.1379
BZ05,business,gemma3_4b,13,0,213,115.6444,2.0747,0.482,0.5436,0.6035,35.7937
BZ05,business,gemma3_4b,13,1,213,122.6136,2.071,0.4829,0.541,0.583,36.8831
BZ05,business,gemma3_4b,13,2,213,55.5467,1.1265,0.8877,0.9215,0.1849,62.5058
BZ05,business,gemma3_4b,13,3,213,90.6386,2.4692,0.405,0.5498,0.3574,38.2096
BZ05,business,gemma3_4b,13,4,213,66.4486,1.3033,0.7673,0.8598,0.1875,61.3973
BZ05,business,gemma3_4b,13,5,213,40.8779,1.1133,0.8982,0.9515,0.1315,69.175
BZ05,business,gemma3_4b,13,6,213,135.2654,1.4575,0.6861,0.7281,0.4226,50.5328
BZ05,business,gemma3_4b,13,7,213,158.1908,1.7878,0.5593,0.6064,0.4165,45.6456
BZ05,business,gemma3_4b,14,0,213,91.8936,1.3994,0.7146,0.7619,0.4046,49.4258
BZ05,business,gemma3_4b,14,1,213,74.3148,1.2938,0.7729,0.8314,0.3047,55.8604
BZ05,business,gemma3_4b,14,2,213,106.7458,2.0075,0.4981,0.6259,0.3536,43.1823
BZ05,business,gemma3_4b,14,3,213,113.4479,3.1224,0.3203,0.4753,0.3947,43.8871
BZ05,business,gemma3_4b,14,4,213,104.482,2.2467,0.4451,0.5419,0.5182,37.6363
BZ05,business,gemma3_4b,14,5,213,76.0955,2.0714,0.4828,0.5818,0.475,42.2721
BZ05,business,gemma3_4b,14,6,213,93.681,4.58,0.2183,0.4611,0.3694,29.7821
BZ05,business,gemma3_4b,14,7,213,208.0123,24.6704,0.0405,0.0774,0.725,17.5776
BZ05,business,gemma3_4b,15,0,213,62.331,1.1381,0.8786,0.9206,0.219,62.2239
BZ05,business,gemma3_4b,15,1,213,62.2724,1.2454,0.803,0.8831,0.2504,61.2913
BZ05,business,gemma3_4b,15,2,213,46.6633,1.0608,0.9427,0.9596,0.1984,63.4078
BZ05,business,gemma3_4b,15,3,213,88.3037,1.5259,0.6554,0.7234,0.4034,46.8273
BZ05,business,gemma3_4b,15,4,213,58.5708,1.1692,0.8553,0.9178,0.2286,63.8264
BZ05,business,gemma3_4b,15,5,213,59.2135,1.2945,0.7725,0.8685,0.218,64.5688
BZ05,business,gemma3_4b,15,6,213,60.6527,1.2266,0.8153,0.8924,0.1965,61.2581
BZ05,business,gemma3_4b,15,7,213,69.5939,1.3726,0.7286,0.8615,0.2395,59.0852
BZ05,business,gemma3_4b,16,0,213,155.4184,2.9812,0.3354,0.3946,0.6801,31.4068
BZ05,business,gemma3_4b,16,1,213,114.9249,1.828,0.5471,0.6444,0.3752,43.4227
BZ05,business,gemma3_4b,16,2,213,81.4291,1.3837,0.7227,0.7913,0.3326,43.7378
BZ05,business,gemma3_4b,16,3,213,81.9978,1.3341,0.7496,0.8153,0.3371,51.0372
BZ05,business,gemma3_4b,16,4,213,72.4449,1.5104,0.6621,0.7894,0.3134,46.0785
BZ05,business,gemma3_4b,16,5,213,103.3205,1.7182,0.582,0.668,0.4112,41.964
BZ05,business,gemma3_4b,16,6,213,67.3792,2.8726,0.3481,0.6101,0.2408,42.4523
BZ05,business,gemma3_4b,16,7,213,104.9568,2.8808,0.3471,0.5149,0.3698,40.3653
BZ05,business,gemma3_4b,17,0,213,108.9777,2.0771,0.4814,0.6487,0.3095,56.3917
BZ05,business,gemma3_4b,17,1,213,106.0946,1.376,0.7267,0.8088,0.2374,57.6615
BZ05,business,gemma3_4b,17,2,213,78.8173,1.4289,0.6998,0.7922,0.213,60.6656
BZ05,business,gemma3_4b,17,3,213,122.3013,2.1669,0.4615,0.5806,0.3625,52.586
BZ05,business,gemma3_4b,17,4,213,44.9076,1.121,0.892,0.9379,0.1682,73.0209
BZ05,business,gemma3_4b,17,5,213,15.4328,1.0368,0.9645,0.9858,0.0882,92.497
BZ05,business,gemma3_4b,17,6,213,32.479,1.0464,0.9557,0.9777,0.0863,79.765
BZ05,business,gemma3_4b,17,7,213,33.8253,1.0717,0.9331,0.9685,0.1208,69.949
BZ05,business,gemma3_4b,18,0,213,82.3246,1.2639,0.7912,0.8339,0.3519,58.6971
BZ05,business,gemma3_4b,18,1,213,71.8842,1.3403,0.7461,0.8096,0.2622,58.8516
BZ05,business,gemma3_4b,18,2,213,113.8246,1.5949,0.627,0.6939,0.3757,47.3106
BZ05,business,gemma3_4b,18,3,213,112.024,2.343,0.4268,0.5285,0.4914,35.2661
BZ05,business,gemma3_4b,18,4,213,110.0706,1.4857,0.6731,0.7203,0.4579,50.8886
BZ05,business,gemma3_4b,18,5,213,77.6407,1.2016,0.8323,0.8646,0.3694,58.9293
BZ05,business,gemma3_4b,18,6,213,121.2986,3.553,0.2815,0.4051,0.5523,27.6467
BZ05,business,gemma3_4b,18,7,213,108.1582,5.3144,0.1882,0.3482,0.5961,22.4494
BZ05,business,gemma3_4b,19,0,213,82.8612,1.1689,0.8555,0.883,0.2975,60.0458
BZ05,business,gemma3_4b,19,1,213,53.2565,1.0916,0.9161,0.945,0.2151,73.0649
BZ05,business,gemma3_4b,19,2,213,102.33,1.475,0.6779,0.7271,0.4876,41.8144
BZ05,business,gemma3_4b,19,3,213,48.2501,1.2297,0.8132,0.8705,0.2499,56.1924
BZ05,business,gemma3_4b,19,4,213,121.9897,2.1918,0.4562,0.586,0.3834,41.8881
BZ05,business,gemma3_4b,19,5,213,132.4181,4.2101,0.2375,0.3805,0.4693,34.6413
BZ05,business,gemma3_4b,19,6,213,63.1531,1.5706,0.6367,0.7404,0.4085,55.2775
BZ05,business,gemma3_4b,19,7,213,76.1807,1.1246,0.8892,0.925,0.1677,77.7729
BZ05,business,gemma3_4b,20,0,213,46.2201,1.0843,0.9223,0.9526,0.1937,70.3833
BZ05,business,gemma3_4b,20,1,213,79.5458,1.2504,0.7998,0.8613,0.2707,53.3102
BZ05,business,gemma3_4b,20,2,213,66.7043,1.2445,0.8035,0.8489,0.3176,56.461
BZ05,business,gemma3_4b,20,3,213,45.1082,1.0629,0.9408,0.9599,0.1925,71.058
BZ05,business,gemma3_4b,20,4,213,77.7525,1.4699,0.6803,0.7608,0.4174,44.9912
BZ05,business,gemma3_4b,20,5,213,85.5109,1.502,0.6658,0.7208,0.4814,50.9943
BZ05,business,gemma3_4b,20,6,213,163.0719,1.8953,0.5276,0.5821,0.4471,45.4462
BZ05,business,gemma3_4b,20,7,213,130.9504,2.8912,0.3459,0.443,0.5844,26.9367
BZ05,business,gemma3_4b,21,0,213,64.8125,1.166,0.8577,0.904,0.2281,65.0
BZ05,business,gemma3_4b,21,1,213,12.8368,1.012,0.9882,0.995,0.0843,95.8193
BZ05,business,gemma3_4b,21,2,213,51.2311,1.1884,0.8415,0.9143,0.1363,66.9821
BZ05,business,gemma3_4b,21,3,213,109.705,1.5939,0.6274,0.6663,0.5233,48.5686
BZ05,business,gemma3_4b,21,4,213,74.8273,1.3121,0.7622,0.814,0.3961,59.04
BZ05,business,gemma3_4b,21,5,213,35.5065,1.0465,0.9556,0.9752,0.2039,83.0581
BZ05,business,gemma3_4b,21,6,213,38.3822,1.0594,0.9439,0.963,0.1158,80.0192
BZ05,business,gemma3_4b,21,7,213,67.5952,1.1064,0.9038,0.9268,0.2427,66.7658
BZ05,business,gemma3_4b,22,0,213,105.9562,1.2213,0.8188,0.8432,0.3752,59.0108
BZ05,business,gemma3_4b,22,1,213,153.7015,1.6427,0.6088,0.6363,0.5088,54.179
BZ05,business,gemma3_4b,22,2,213,158.4243,1.8051,0.554,0.5962,0.4643,44.5693
BZ05,business,gemma3_4b,22,3,213,130.4204,1.8538,0.5394,0.5934,0.5623,43.3941
BZ05,business,gemma3_4b,22,4,213,156.3678,1.6466,0.6073,0.6525,0.3655,50.3049
BZ05,business,gemma3_4b,22,5,213,104.6625,1.9751,0.5063,0.6813,0.3198,48.7226
BZ05,business,gemma3_4b,22,6,213,105.7022,1.5258,0.6554,0.7233,0.3667,54.0984
BZ05,business,gemma3_4b,22,7,213,123.5634,1.5894,0.6292,0.7034,0.3288,52.0226
BZ05,business,gemma3_4b,23,0,213,30.2627,1.0343,0.9669,0.9803,0.1051,85.4689
BZ05,business,gemma3_4b,23,1,213,31.9911,1.0755,0.9298,0.9622,0.088,88.0035
BZ05,business,gemma3_4b,23,2,213,84.1151,1.4038,0.7123,0.7972,0.2539,57.0363
BZ05,business,gemma3_4b,23,3,213,55.4514,1.1051,0.9049,0.935,0.1594,75.02
BZ05,business,gemma3_4b,23,4,213,8.3308,1.0055,0.9945,0.9974,0.0642,91.7953
BZ05,business,gemma3_4b,23,5,213,43.1857,1.0453,0.9567,0.9672,0.2243,77.156
BZ05,business,gemma3_4b,23,6,213,16.4085,1.0175,0.9828,0.9934,0.0932,93.6054
BZ05,business,gemma3_4b,23,7,213,11.1462,1.0059,0.9941,0.9965,0.0729,97.223
BZ05,business,gemma3_4b,24,0,213,47.6109,1.1242,0.8896,0.9529,0.1646,65.3662
BZ05,business,gemma3_4b,24,1,213,57.5219,1.1464,0.8723,0.9242,0.2121,66.402
BZ05,business,gemma3_4b,24,2,213,29.4947,1.0747,0.9305,0.9601,0.106,85.2987
BZ05,business,gemma3_4b,24,3,213,21.1415,1.0662,0.9379,0.9659,0.1021,84.7118
BZ05,business,gemma3_4b,24,4,213,78.9063,1.1413,0.8762,0.9072,0.2738,66.1882
BZ05,business,gemma3_4b,24,5,213,67.2983,1.0891,0.9182,0.9388,0.2419,65.2332
BZ05,business,gemma3_4b,24,6,213,92.0165,1.1892,0.8409,0.8751,0.335,64.0179
BZ05,business,gemma3_4b,24,7,213,30.1326,1.0196,0.9808,0.9884,0.1301,88.3987
BZ05,business,gemma3_4b,25,0,213,37.1598,1.0806,0.9254,0.9582,0.1229,78.587
BZ05,business,gemma3_4b,25,1,213,23.0704,1.0658,0.9383,0.9704,0.1158,77.248
BZ05,business,gemma3_4b,25,2,213,44.1639,1.0347,0.9665,0.9768,0.1786,76.6519
BZ05,business,gemma3_4b,25,3,213,112.0949,1.4512,0.6891,0.7391,0.4327,51.3767
BZ05,business,gemma3_4b,25,4,213,88.8358,1.2212,0.8188,0.8606,0.2649,68.166
BZ05,business,gemma3_4b,25,5,213,43.665,1.0658,0.9383,0.9607,0.1908,78.6729
BZ05,business,gemma3_4b,25,6,213,29.3466,1.0264,0.9743,0.9815,0.1618,86.3185
BZ05,business,gemma3_4b,25,7,213,38.2925,1.0544,0.9484,0.9634,0.1938,84.8533
BZ05,business,gemma3_4b,26,0,213,13.918,1.0086,0.9915,0.9947,0.086,89.7781
BZ05,business,gemma3_4b,26,1,213,10.4499,1.0071,0.993,0.9959,0.0734,94.0545
BZ05,business,gemma3_4b,26,2,213,8.3359,1.0096,0.9905,0.9971,0.0828,97.2362
BZ05,business,gemma3_4b,26,3,213,84.5787,1.1702,0.8545,0.8823,0.2862,68.1815
BZ05,business,gemma3_4b,26,4,213,9.7271,1.0073,0.9928,0.9965,0.0654,94.6385
BZ05,business,gemma3_4b,26,5,213,17.5764,1.0393,0.9621,0.9858,0.0781,90.3098
BZ05,business,gemma3_4b,26,6,213,12.0842,1.0375,0.9638,0.9869,0.0762,83.2538
BZ05,business,gemma3_4b,26,7,213,65.7076,1.1068,0.9035,0.9315,0.2281,58.8139
BZ05,business,gemma3_4b,27,0,213,11.9783,1.0038,0.9962,0.9976,0.075,100.3759
BZ05,business,gemma3_4b,27,1,213,133.4467,1.6876,0.5925,0.6388,0.4325,47.0489
BZ05,business,gemma3_4b,27,2,213,17.3879,1.0839,0.9226,0.9643,0.1329,77.7154
BZ05,business,gemma3_4b,27,3,213,54.0155,1.0651,0.9388,0.9495,0.1963,87.1183
BZ05,business,gemma3_4b,27,4,213,7.3045,1.0074,0.9927,0.998,0.0695,100.9224
BZ05,business,gemma3_4b,27,5,213,78.5901,1.0969,0.9116,0.9295,0.2616,82.1357
BZ05,business,gemma3_4b,27,6,213,58.447,1.0553,0.9476,0.9596,0.1846,74.735
BZ05,business,gemma3_4b,27,7,213,80.2004,1.1653,0.8581,0.8894,0.2637,63.0868
BZ05,business,gemma3_4b,28,0,213,132.8669,1.6423,0.6089,0.6664,0.4201,49.9103
BZ05,business,gemma3_4b,28,1,213,5.2162,1.0023,0.9977,0.9987,0.0579,99.7962
BZ05,business,gemma3_4b,28,2,213,117.9115,1.1929,0.8383,0.8532,0.3807,67.8667
BZ05,business,gemma3_4b,28,3,213,78.885,1.1269,0.8874,0.9021,0.3041,76.8231
BZ05,business,gemma3_4b,28,4,213,31.0179,1.0549,0.9479,0.9617,0.1839,82.8802
BZ05,business,gemma3_4b,28,5,213,40.5742,1.0556,0.9473,0.9617,0.1906,78.0689
BZ05,business,gemma3_4b,28,6,213,3.0148,1.0006,0.9994,0.9997,0.0474,100.0774
BZ05,business,gemma3_4b,28,7,213,3.1073,1.0011,0.9989,0.9996,0.0472,99.367
BZ05,business,gemma3_4b,29,0,213,12.8548,1.0158,0.9844,0.9932,0.0664,89.2457
BZ05,business,gemma3_4b,29,1,213,10.9412,1.0264,0.9742,0.9911,0.0512,91.7471
BZ05,business,gemma3_4b,29,2,213,5.5602,1.0027,0.9973,0.9986,0.0492,98.1726
BZ05,business,gemma3_4b,29,3,213,7.2242,1.0067,0.9933,0.9979,0.0512,97.1309
BZ05,business,gemma3_4b,29,4,213,12.0119,1.0109,0.9892,0.9955,0.0673,94.3109
BZ05,business,gemma3_4b,29,5,213,12.0781,1.0126,0.9876,0.9947,0.0697,92.5502
BZ05,business,gemma3_4b,29,6,213,3.4855,1.0016,0.9984,0.9994,0.051,103.662
BZ05,business,gemma3_4b,29,7,213,5.6731,1.0015,0.9985,0.999,0.0756,98.1537
BZ05,business,gemma3_4b,30,0,213,7.2964,1.0034,0.9966,0.9982,0.0688,94.4898
BZ05,business,gemma3_4b,30,1,213,47.0969,1.0973,0.9113,0.938,0.2089,74.2237
BZ05,business,gemma3_4b,30,2,213,14.246,1.0099,0.9902,0.9951,0.0868,91.4431
BZ05,business,gemma3_4b,30,3,213,21.4056,1.0166,0.9837,0.991,0.1076,87.9798
BZ05,business,gemma3_4b,30,4,213,63.3131,1.1185,0.894,0.9211,0.2378,68.4931
BZ05,business,gemma3_4b,30,5,213,21.5682,1.0216,0.9788,0.99,0.1029,82.629
BZ05,business,gemma3_4b,30,6,213,28.4763,1.0201,0.9803,0.9858,0.133,80.5483
BZ05,business,gemma3_4b,30,7,213,20.9559,1.0124,0.9878,0.9919,0.1097,83.5217
BZ05,business,gemma3_4b,31,0,213,10.514,1.0052,0.9949,0.9965,0.1023,94.3514
BZ05,business,gemma3_4b,31,1,213,1.9808,1.0002,0.9998,0.9999,0.0416,103.0011
BZ05,business,gemma3_4b,31,2,213,100.793,1.1192,0.8935,0.9099,0.2572,70.3906
BZ05,business,gemma3_4b,31,3,213,148.4396,1.9022,0.5257,0.5887,0.4861,43.7876
BZ05,business,gemma3_4b,31,4,213,109.899,1.1888,0.8412,0.856,0.2777,66.1853
BZ05,business,gemma3_4b,31,5,213,140.9226,2.4006,0.4166,0.5173,0.4087,39.312
BZ05,business,gemma3_4b,31,6,213,83.1536,1.0688,0.9356,0.9462,0.2152,75.2592
BZ05,business,gemma3_4b,31,7,213,161.9833,2.6201,0.3817,0.446,0.5075,37.1927
BZ05,business,gemma3_4b,32,0,213,33.8898,1.0596,0.9438,0.9589,0.1818,81.9347
BZ05,business,gemma3_4b,32,1,213,23.63,1.0267,0.974,0.9843,0.129,80.0502
BZ05,business,gemma3_4b,32,2,213,175.1426,2.7973,0.3575,0.3872,0.5801,40.5231
BZ05,business,gemma3_4b,32,3,213,74.2602,1.0867,0.9202,0.9395,0.2358,76.266
BZ05,business,gemma3_4b,32,4,213,8.5944,1.009,0.9911,0.9968,0.0809,99.1166
BZ05,business,gemma3_4b,32,5,213,60.3529,1.051,0.9515,0.9638,0.2477,76.9426
BZ05,business,gemma3_4b,32,6,213,95.4414,1.1731,0.8524,0.8736,0.3597,64.3725
BZ05,business,gemma3_4b,32,7,213,26.9929,1.0183,0.982,0.9877,0.1269,93.8707
BZ05,business,gemma3_4b,33,0,213,51.9425,1.0937,0.9143,0.9635,0.1994,66.1643
BZ05,business,gemma3_4b,33,1,213,9.3891,1.0192,0.9811,0.9977,0.0873,91.3598
BZ05,business,gemma3_4b,33,2,213,159.1611,1.681,0.5949,0.6324,0.5218,50.1182
BZ05,business,gemma3_4b,33,3,213,104.9998,1.1244,0.8894,0.9109,0.2707,70.1258
BZ05,business,gemma3_4b,33,4,213,40.9853,1.0195,0.9809,0.9849,0.1522,88.1676
BZ05,business,gemma3_4b,33,5,213,187.0432,9.5635,0.1046,0.165,0.7332,19.9211
BZ05,business,gemma3_4b,33,6,213,158.6937,6.0662,0.1648,0.2586,0.6725,22.5807
BZ05,business,gemma3_4b,33,7,213,212.5559,107.6764,0.0093,0.0295,0.9687,3.2011
BZ09,business,gemma3_4b,0,0,234,71.4008,1.4824,0.6746,0.7564,0.179,53.9715
BZ09,business,gemma3_4b,0,1,234,100.9235,1.8186,0.5499,0.622,0.1429,54.0888
BZ09,business,gemma3_4b,0,2,234,116.3308,2.3812,0.42,0.548,0.3467,25.7227
BZ09,business,gemma3_4b,0,3,234,46.0261,1.4326,0.698,0.9051,0.1176,53.0026
BZ09,business,gemma3_4b,0,4,234,191.0101,40.9053,0.0244,0.0851,0.9375,2.6204
BZ09,business,gemma3_4b,0,5,234,97.8118,5.7139,0.175,0.4184,0.2964,29.2642
BZ09,business,gemma3_4b,0,6,234,130.773,1.8326,0.5457,0.5785,0.429,55.5816
BZ09,business,gemma3_4b,0,7,234,85.9709,1.3139,0.7611,0.7943,0.2832,69.7641
BZ09,business,gemma3_4b,1,0,234,48.1787,1.0851,0.9215,0.9439,0.1723,87.7205
BZ09,business,gemma3_4b,1,1,234,69.706,1.2539,0.7975,0.8261,0.2619,76.9365
BZ09,business,gemma3_4b,1,2,234,71.3127,1.2205,0.8193,0.8972,0.1739,55.4087
BZ09,business,gemma3_4b,1,3,234,32.4602,1.053,0.9497,0.9778,0.1058,68.7218
BZ09,business,gemma3_4b,1,4,234,129.4017,3.3915,0.2949,0.4011,0.4807,31.205
BZ09,business,gemma3_4b,1,5,234,46.8616,1.1572,0.8642,0.9097,0.0465,89.3581
BZ09,business,gemma3_4b,1,6,234,34.604,1.1018,0.9076,0.9436,0.1354,72.7324
BZ09,business,gemma3_4b,1,7,234,40.1842,1.1055,0.9046,0.9278,0.1491,84.5449
BZ09,business,gemma3_4b,2,0,234,26.5028,1.0468,0.9553,0.9773,0.1252,99.3629
BZ09,business,gemma3_4b,2,1,234,76.4262,1.3201,0.7575,0.8034,0.2724,66.1476
BZ09,business,gemma3_4b,2,2,234,162.3201,2.3639,0.423,0.4563,0.5951,46.7744
BZ09,business,gemma3_4b,2,3,234,136.7851,1.6916,0.5912,0.6285,0.5071,55.3149
BZ09,business,gemma3_4b,2,4,234,162.0834,2.343,0.4268,0.4939,0.3508,49.6666
BZ09,business,gemma3_4b,2,5,234,107.1183,1.8461,0.5417,0.6014,0.4351,54.4232
BZ09,business,gemma3_4b,2,6,234,92.9589,3.8731,0.2582,0.4304,0.546,12.7398
BZ09,business,gemma3_4b,2,7,234,88.4852,1.4014,0.7136,0.7857,0.1238,51.125
BZ09,business,gemma3_4b,3,0,234,88.0456,1.3957,0.7165,0.765,0.3543,65.6703
BZ09,business,gemma3_4b,3,1,234,93.3774,1.4475,0.6909,0.7564,0.305,58.6374
BZ09,business,gemma3_4b,3,2,234,97.2043,1.4745,0.6782,0.7126,0.414,58.3054
BZ09,business,gemma3_4b,3,3,234,108.1717,2.2058,0.4533,0.5251,0.5002,45.5706
BZ09,business,gemma3_4b,3,4,234,117.6474,1.9273,0.5188,0.5692,0.5415,46.9866
BZ09,business,gemma3_4b,3,5,234,108.2605,1.4936,0.6695,0.7212,0.3563,46.1204
BZ09,business,gemma3_4b,3,6,234,80.2155,2.0488,0.4881,0.5975,0.3658,45.6572
BZ09,business,gemma3_4b,3,7,234,82.3748,1.3179,0.7588,0.796,0.2774,71.0924
BZ09,business,gemma3_4b,4,0,234,92.4389,1.5734,0.6356,0.7771,0.2161,47.0318
BZ09,business,gemma3_4b,4,1,234,100.8117,3.5378,0.2827,0.4847,0.3493,32.64
BZ09,business,gemma3_4b,4,2,234,65.2029,1.2271,0.8149,0.8605,0.0571,85.2737
BZ09,business,gemma3_4b,4,3,234,117.0688,1.784,0.5605,0.6377,0.3947,47.1779
BZ09,business,gemma3_4b,4,4,234,74.9483,2.9592,0.3379,0.5508,0.365,21.9552
BZ09,business,gemma3_4b,4,5,234,125.1504,3.6884,0.2711,0.3591,0.6881,22.1202
BZ09,business,gemma3_4b,4,6,234,225.7357,68.9949,0.0145,0.0472,0.9074,6.6678
BZ09,business,gemma3_4b,4,7,234,41.1523,1.394,0.7174,0.9295,0.0906,64.5693
BZ09,business,gemma3_4b,5,0,234,88.7355,1.3162,0.7598,0.805,0.1752,73.9984
BZ09,business,gemma3_4b,5,1,234,25.4188,1.0427,0.959,0.9765,0.0582,105.0998
BZ09,business,gemma3_4b,5,2,234,30.6426,1.0559,0.9471,0.9654,0.0725,103.2701
BZ09,business,gemma3_4b,5,3,234,39.1511,1.1117,0.8995,0.9408,0.0446,98.9783
BZ09,business,gemma3_4b,5,4,234,114.1686,2.1663,0.4616,0.5505,0.4835,38.4432
BZ09,business,gemma3_4b,5,5,234,42.7773,1.0713,0.9335,0.9601,0.0947,76.9458
BZ09,business,gemma3_4b,5,6,234,82.0832,1.4962,0.6684,0.8289,0.1318,62.2999
BZ09,business,gemma3_4b,5,7,234,46.9671,1.2723,0.786,0.9294,0.1391,76.7544
BZ09,business,gemma3_4b,6,0,234,59.8423,1.1505,0.8692,0.9067,0.2036,67.1808
BZ09,business,gemma3_4b,6,1,234,92.9039,1.358,0.7364,0.7848,0.3649,56.5667
BZ09,business,gemma3_4b,6,2,234,74.8813,1.639,0.6101,0.7847,0.2093,63.4016
BZ09,business,gemma3_4b,6,3,234,69.6075,1.334,0.7496,0.8528,0.1821,62.9133
BZ09,business,gemma3_4b,6,4,234,54.777,1.099,0.9099,0.9352,0.0737,85.4386
BZ09,business,gemma3_4b,6,5,234,37.5781,1.058,0.9451,0.9717,0.1326,67.1352
BZ09,business,gemma3_4b,6,6,234,110.8288,1.9428,0.5147,0.583,0.4466,46.4648
BZ09,business,gemma3_4b,6,7,234,135.3225,1.2476,0.8015,0.8311,0.3325,57.5722
BZ09,business,gemma3_4b,7,0,234,166.1414,2.0408,0.49,0.5262,0.6027,43.6842
BZ09,business,gemma3_4b,7,1,234,158.8051,2.2399,0.4465,0.4997,0.6034,43.3408
BZ09,business,gemma3_4b,7,2,234,77.2526,2.2621,0.4421,0.5583,0.4447,40.0928
BZ09,business,gemma3_4b,7,3,234,105.4522,1.5191,0.6583,0.7134,0.4291,50.3218
BZ09,business,gemma3_4b,7,4,234,58.6562,1.7152,0.583,0.8264,0.1496,61.0236
BZ09,business,gemma3_4b,7,5,234,89.8082,2.8798,0.3473,0.5061,0.4745,36.9612
BZ09,business,gemma3_4b,7,6,234,87.6034,1.5405,0.6491,0.7554,0.2187,48.309
BZ09,business,gemma3_4b,7,7,234,111.7119,2.8165,0.3551,0.4773,0.2736,44.1891
BZ09,business,gemma3_4b,8,0,234,113.1537,1.6027,0.624,0.6827,0.4153,48.0985
BZ09,business,gemma3_4b,8,1,234,159.8016,1.9013,0.526,0.5911,0.4049,50.8947
BZ09,business,gemma3_4b,8,2,234,106.9811,1.4649,0.6826,0.7261,0.4564,53.447
BZ09,business,gemma3_4b,8,3,234,74.2924,1.1461,0.8725,0.8918,0.3184,71.2579
BZ09,business,gemma3_4b,8,4,234,89.7861,2.1931,0.456,0.6508,0.2569,51.0091
BZ09,business,gemma3_4b,8,5,234,100.8145,2.0514,0.4875,0.5718,0.3862,49.2269
BZ09,business,gemma3_4b,8,6,234,86.6467,1.6865,0.5929,0.7272,0.3252,36.4011
BZ09,business,gemma3_4b,8,7,234,102.9054,1.7543,0.57,0.6317,0.4711,47.2566
BZ09,business,gemma3_4b,9,0,234,96.9074,1.9812,0.5047,0.632,0.3284,48.1629
BZ09,business,gemma3_4b,9,1,234,90.3323,1.302,0.7681,0.8153,0.3446,57.7266
BZ09,business,gemma3_4b,9,2,234,54.4985,1.3164,0.7596,0.8928,0.1209,67.9599
BZ09,business,gemma3_4b,9,3,234,90.0178,1.6754,0.5969,0.7334,0.1621,69.5092
BZ09,business,gemma3_4b,9,4,234,73.7274,1.4526,0.6884,0.8051,0.1815,63.9
BZ09,business,gemma3_4b,9,5,234,89.532,2.1993,0.4547,0.6797,0.255,52.4867
BZ09,business,gemma3_4b,9,6,234,59.2243,1.1017,0.9077,0.9324,0.1495,62.9409
BZ09,business,gemma3_4b,9,7,234,95.0036,1.6793,0.5955,0.6802,0.2631,51.1146
BZ09,business,gemma3_4b,10,0,234,113.0771,2.4914,0.4014,0.4798,0.5268,33.4767
BZ09,business,gemma3_4b,10,1,234,185.7818,3.3053,0.3025,0.3459,0.6814,36.7942
BZ09,business,gemma3_4b,10,2,234,56.3063,1.178,0.8489,0.9246,0.1379,65.168
BZ09,business,gemma3_4b,10,3,234,65.5853,1.1586,0.8631,0.9099,0.1832,62.8734
BZ09,business,gemma3_4b,10,4,234,46.4211,1.1419,0.8757,0.9306,0.1716,64.0524
BZ09,business,gemma3_4b,10,5,234,107.1007,1.2662,0.7898,0.8521,0.2661,56.4616
BZ09,business,gemma3_4b,10,6,234,97.702,1.8676,0.5354,0.6375,0.3927,43.6558
BZ09,business,gemma3_4b,10,7,234,76.8031,1.3108,0.7629,0.8309,0.2743,63.0528
BZ09,business,gemma3_4b,11,0,234,63.6839,1.2007,0.8328,0.9114,0.149,67.3494
BZ09,business,gemma3_4b,11,1,234,30.6276,1.0536,0.9491,0.9736,0.1107,90.1643
BZ09,business,gemma3_4b,11,2,234,140.4422,1.6922,0.591,0.6778,0.2909,69.6747
BZ09,business,gemma3_4b,11,3,234,74.4774,1.1648,0.8585,0.9258,0.1559,77.9918
BZ09,business,gemma3_4b,11,4,234,91.0364,1.5118,0.6615,0.7608,0.1645,70.8468
BZ09,business,gemma3_4b,11,5,234,19.9361,1.0311,0.9699,0.9841,0.0579,106.1785
BZ09,business,gemma3_4b,11,6,234,80.5275,4.607,0.2171,0.5743,0.1924,66.6454
BZ09,business,gemma3_4b,11,7,234,90.7108,2.1891,0.4568,0.6772,0.1991,65.7603
BZ09,business,gemma3_4b,12,0,234,65.1895,1.2871,0.7769,0.8551,0.1955,66.2785
BZ09,business,gemma3_4b,12,1,234,71.9858,1.464,0.683,0.7974,0.0931,72.1861
BZ09,business,gemma3_4b,12,2,234,127.6531,5.032,0.1987,0.3402,0.5476,24.0119
BZ09,business,gemma3_4b,12,3,234,86.2182,1.7157,0.5829,0.7136,0.2482,45.068
BZ09,business,gemma3_4b,12,4,234,85.6059,2.4894,0.4017,0.5987,0.2934,47.4574
BZ09,business,gemma3_4b,12,5,234,126.0904,1.7637,0.567,0.6528,0.3386,51.7198
BZ09,business,gemma3_4b,12,6,234,99.4788,2.0746,0.482,0.6177,0.3113,47.3865
BZ09,business,gemma3_4b,12,7,234,96.628,1.8651,0.5362,0.6286,0.3737,51.5334
BZ09,business,gemma3_4b,13,0,234,126.1819,2.0432,0.4894,0.5501,0.5882,39.6446
BZ09,business,gemma3_4b,13,1,234,132.2988,1.9033,0.5254,0.5829,0.5548,42.4158
BZ09,business,gemma3_4b,13,2,234,60.1842,1.1172,0.8951,0.9298,0.1648,70.7238
BZ09,business,gemma3_4b,13,3,234,97.7257,2.2888,0.4369,0.5669,0.3363,42.9766
BZ09,business,gemma3_4b,13,4,234,75.7502,1.4526,0.6884,0.8049,0.1654,68.6447
BZ09,business,gemma3_4b,13,5,234,47.5882,1.1598,0.8622,0.928,0.1138,76.94
BZ09,business,gemma3_4b,13,6,234,145.3589,1.4991,0.667,0.7122,0.416,55.2586
BZ09,business,gemma3_4b,13,7,234,177.3501,1.9569,0.511,0.5589,0.4206,48.237
BZ09,business,gemma3_4b,14,0,234,98.6981,1.3662,0.732,0.774,0.3924,55.9893
BZ09,business,gemma3_4b,14,1,234,77.1138,1.3025,0.7678,0.8314,0.2925,61.2647
BZ09,business,gemma3_4b,14,2,234,117.1644,2.1056,0.4749,0.6077,0.3493,48.3614
BZ09,business,gemma3_4b,14,3,234,128.7388,3.0945,0.3231,0.4852,0.3887,48.8967
BZ09,business,gemma3_4b,14,4,234,114.8654,2.3984,0.417,0.5393,0.5013,37.9228
BZ09,business,gemma3_4b,14,5,234,83.5459,2.0648,0.4843,0.5841,0.4511,44.5128
BZ09,business,gemma3_4b,14,6,234,104.6251,4.5163,0.2214,0.4283,0.355,33.5624
BZ09,business,gemma3_4b,14,7,234,228.1279,27.7091,0.0361,0.0684,0.7191,19.1129
BZ09,business,gemma3_4b,15,0,234,66.7933,1.1222,0.8911,0.922,0.2102,70.0289
BZ09,business,gemma3_4b,15,1,234,65.3175,1.2097,0.8267,0.8907,0.2633,68.1393
BZ09,business,gemma3_4b,15,2,234,46.9859,1.0552,0.9477,0.9636,0.1827,71.6881
BZ09,business,gemma3_4b,15,3,234,96.1609,1.4624,0.6838,0.7483,0.3823,53.2645
BZ09,business,gemma3_4b,15,4,234,58.9783,1.1314,0.8839,0.9306,0.2036,74.7282
BZ09,business,gemma3_4b,15,5,234,59.2849,1.2212,0.8188,0.8879,0.1842,74.8956
BZ09,business,gemma3_4b,15,6,234,68.2473,1.2801,0.7812,0.8726,0.1858,68.5734
BZ09,business,gemma3_4b,15,7,234,83.2983,1.3241,0.7552,0.8275,0.2336,63.8673
BZ09,business,gemma3_4b,16,0,234,167.6924,2.6657,0.3751,0.4317,0.6585,35.5079
BZ09,business,gemma3_4b,16,1,234,123.3757,1.6217,0.6166,0.695,0.3576,51.2711
BZ09,business,gemma3_4b,16,2,234,89.879,1.4226,0.7029,0.7697,0.3237,46.2388
BZ09,business,gemma3_4b,16,3,234,81.5194,1.2814,0.7804,0.8337,0.3047,57.7028
BZ09,business,gemma3_4b,16,4,234,82.5862,1.5491,0.6455,0.7386,0.3289,52.168
BZ09,business,gemma3_4b,16,5,234,110.3889,1.7301,0.578,0.6574,0.3877,47.9789
BZ09,business,gemma3_4b,16,6,234,69.9661,2.8673,0.3488,0.6033,0.2058,50.4392
BZ09,business,gemma3_4b,16,7,234,110.0717,3.5732,0.2799,0.4732,0.329,44.3892
BZ09,business,gemma3_4b,17,0,234,112.5076,2.7352,0.3656,0.5539,0.2757,62.3408
BZ09,business,gemma3_4b,17,1,234,115.3212,1.4278,0.7004,0.7872,0.2128,65.3962
BZ09,business,gemma3_4b,17,2,234,73.6087,1.4161,0.7061,0.8116,0.1846,73.3556
BZ09,business,gemma3_4b,17,3,234,131.5574,2.0971,0.4768,0.571,0.3418,60.3812
BZ09,business,gemma3_4b,17,4,234,48.8342,1.1263,0.8878,0.9395,0.1659,80.2872
BZ09,business,gemma3_4b,17,5,234,25.9672,1.0764,0.9291,0.9614,0.1054,96.58
BZ09,business,gemma3_4b,17,6,234,32.2142,1.0473,0.9549,0.9776,0.0766,89.7747
BZ09,business,gemma3_4b,17,7,234,28.6154,1.0522,0.9504,0.9776,0.1001,81.5459
BZ09,business,gemma3_4b,18,0,234,83.2095,1.2106,0.8261,0.8582,0.3167,67.7625
BZ09,business,gemma3_4b,18,1,234,72.7233,1.3133,0.7614,0.817,0.2553,66.7719
BZ09,business,gemma3_4b,18,2,234,127.591,1.6532,0.6049,0.6766,0.3619,54.8934
BZ09,business,gemma3_4b,18,3,234,122.9294,2.4921,0.4013,0.5036,0.4846,36.6179
BZ09,business,gemma3_4b,18,4,234,123.1289,1.5497,0.6453,0.6889,0.4689,54.6357
BZ09,business,gemma3_4b,18,5,234,90.6945,1.2092,0.827,0.8551,0.3769,62.5895
BZ09,business,gemma3_4b,18,6,234,128.3803,3.2241,0.3102,0.4152,0.5288,33.3243
BZ09,business,gemma3_4b,18,7,234,116.7026,4.3402,0.2304,0.3628,0.5719,28.8471
BZ09,business,gemma3_4b,19,0,234,82.0762,1.1466,0.8722,0.8971,0.2737,66.6938
BZ09,business,gemma3_4b,19,1,234,48.2726,1.0689,0.9355,0.9592,0.1795,83.7697
BZ09,business,gemma3_4b,19,2,234,105.7929,1.3866,0.7212,0.7563,0.4516,50.7452
BZ09,business,gemma3_4b,19,3,234,50.1974,1.2644,0.7909,0.867,0.2337,60.6455
BZ09,business,gemma3_4b,19,4,234,136.8962,2.2147,0.4515,0.5654,0.369,46.9263
BZ09,business,gemma3_4b,19,5,234,141.8269,4.5097,0.2217,0.3756,0.4415,40.5386
BZ09,business,gemma3_4b,19,6,234,68.7931,1.5205,0.6577,0.7555,0.3922,60.9974
BZ09,business,gemma3_4b,19,7,234,78.6917,1.1505,0.8692,0.9078,0.1541,87.5909
BZ09,business,gemma3_4b,20,0,234,46.1629,1.0823,0.9239,0.954,0.1786,79.5015
BZ09,business,gemma3_4b,20,1,234,93.54,1.3187,0.7583,0.823,0.2705,56.8109
BZ09,business,gemma3_4b,20,2,234,73.2356,1.2396,0.8067,0.8471,0.3022,62.4627
BZ09,business,gemma3_4b,20,3,234,44.8648,1.058,0.9451,0.9631,0.1811,80.9181
BZ09,business,gemma3_4b,20,4,234,83.0988,1.4177,0.7054,0.7764,0.396,50.9334
BZ09,business,gemma3_4b,20,5,234,87.5978,1.4608,0.6845,0.7411,0.4529,59.2344
BZ09,business,gemma3_4b,20,6,234,178.5581,1.9458,0.5139,0.5685,0.4382,50.0343
BZ09,business,gemma3_4b,20,7,234,140.6841,2.7944,0.3579,0.438,0.5681,31.4212
BZ09,business,gemma3_4b,21,0,234,79.0978,1.2617,0.7926,0.8419,0.2566,66.6758
BZ09,business,gemma3_4b,21,1,234,13.5329,1.009,0.9911,0.9957,0.0814,105.204
BZ09,business,gemma3_4b,21,2,234,56.1873,1.1689,0.8555,0.9269,0.123,73.0204
BZ09,business,gemma3_4b,21,3,234,123.1138,1.6222,0.6164,0.6543,0.5258,52.5848
BZ09,business,gemma3_4b,21,4,234,79.8937,1.3276,0.7533,0.8033,0.3886,63.6741
BZ09,business,gemma3_4b,21,5,234,34.2479,1.0372,0.9641,0.9757,0.1834,93.0445
BZ09,business,gemma3_4b,21,6,234,37.2572,1.071,0.9337,0.9669,0.0988,91.8637
BZ09,business,gemma3_4b,21,7,234,68.9526,1.0902,0.9173,0.9337,0.224,75.8903
BZ09,business,gemma3_4b,22,0,234,110.7643,1.1885,0.8414,0.8663,0.3576,65.297
BZ09,business,gemma3_4b,22,1,234,166.1762,1.5916,0.6283,0.6524,0.4971,60.013
BZ09,business,gemma3_4b,22,2,234,180.8765,1.9552,0.5115,0.551,0.4691,47.9583
BZ09,business,gemma3_4b,22,3,234,146.9511,1.8507,0.5403,0.5975,0.5555,47.6348
BZ09,business,gemma3_4b,22,4,234,168.9748,1.5467,0.6466,0.6869,0.3413,58.5158
BZ09,business,gemma3_4b,22,5,234,106.5778,1.7499,0.5715,0.7324,0.2908,58.055
BZ09,business,gemma3_4b,22,6,234,120.0484,1.6603,0.6023,0.675,0.3563,58.1153
BZ09,business,gemma3_4b,22,7,234,133.6347,1.6763,0.5966,0.6752,0.3044,61.6964
BZ09,business,gemma3_4b,23,0,234,24.4575,1.0257,0.9749,0.987,0.0805,98.1542
BZ09,business,gemma3_4b,23,1,234,31.8886,1.0677,0.9366,0.9659,0.07,99.9098
BZ09,business,gemma3_4b,23,2,234,92.9095,1.3706,0.7296,0.797,0.2481,64.8556
BZ09,business,gemma3_4b,23,3,234,57.6989,1.1397,0.8774,0.9332,0.1397,83.7845
BZ09,business,gemma3_4b,23,4,234,9.2337,1.008,0.9921,0.9969,0.0569,100.158
BZ09,business,gemma3_4b,23,5,234,49.94,1.0489,0.9534,0.9638,0.2271,84.9578
BZ09,business,gemma3_4b,23,6,234,16.9152,1.0194,0.981,0.9929,0.0849,102.8745
BZ09,business,gemma3_4b,23,7,234,9.7043,1.0056,0.9944,0.9972,0.0608,108.0088
BZ09,business,gemma3_4b,24,0,234,48.4343,1.1295,0.8854,0.9509,0.1534,72.8529
BZ09,business,gemma3_4b,24,1,234,54.9598,1.1036,0.9062,0.9494,0.1815,77.667
BZ09,business,gemma3_4b,24,2,234,33.5834,1.0818,0.9244,0.954,0.1159,92.0244
BZ09,business,gemma3_4b,24,3,234,20.5966,1.0445,0.9574,0.9778,0.0806,95.5278
BZ09,business,gemma3_4b,24,4,234,88.0257,1.1484,0.8708,0.8985,0.2678,71.4791
BZ09,business,gemma3_4b,24,5,234,71.3934,1.0821,0.9241,0.9419,0.2311,74.1271
BZ09,business,gemma3_4b,24,6,234,102.7448,1.2803,0.7811,0.8333,0.3596,64.807
BZ09,business,gemma3_4b,24,7,234,34.5748,1.0217,0.9788,0.9866,0.1306,95.7173
BZ09,business,gemma3_4b,25,0,234,34.4247,1.0433,0.9585,0.9743,0.1001,89.5135
BZ09,business,gemma3_4b,25,1,234,21.958,1.0463,0.9557,0.9784,0.1002,89.1982
BZ09,business,gemma3_4b,25,2,234,50.2737,1.0316,0.9694,0.9761,0.1805,83.4667
BZ09,business,gemma3_4b,25,3,234,126.3124,1.6638,0.601,0.6686,0.4693,52.498
BZ09,business,gemma3_4b,25,4,234,88.8364,1.1819,0.8461,0.8909,0.241,81.7075
BZ09,business,gemma3_4b,25,5,234,42.7996,1.0556,0.9473,0.9655,0.1715,89.5778
BZ09,business,gemma3_4b,25,6,234,33.3824,1.0272,0.9736,0.9799,0.1648,94.7762
BZ09,business,gemma3_4b,25,7,234,37.8583,1.0561,0.9469,0.9614,0.1847,95.011
BZ09,business,gemma3_4b,26,0,234,14.0615,1.0105,0.9896,0.9948,0.0773,99.7291
BZ09,business,gemma3_4b,26,1,234,13.3193,1.0102,0.9899,0.9947,0.0737,101.6899
BZ09,business,gemma3_4b,26,2,234,7.6843,1.008,0.9921,0.9979,0.0713,107.623
BZ09,business,gemma3_4b,26,3,234,97.8032,1.2149,0.8231,0.8524,0.2997,71.0254
BZ09,business,gemma3_4b,26,4,234,11.7613,1.0119,0.9882,0.9949,0.0599,103.2967
BZ09,business,gemma3_4b,26,5,234,20.3461,1.0375,0.9638,0.9847,0.0679,99.0705
BZ09,business,gemma3_4b,26,6,234,11.9952,1.0358,0.9655,0.9901,0.0685,95.0169
BZ09,business,gemma3_4b,26,7,234,68.0285,1.1005,0.9087,0.9352,0.218,65.4658
BZ09,business,gemma3_4b,27,0,234,10.4005,1.0024,0.9976,0.9984,0.0654,110.9439
BZ09,business,gemma3_4b,27,1,234,141.9266,1.7486,0.5719,0.6204,0.4252,53.5631
BZ09,business,gemma3_4b,27,2,234,18.5018,1.0762,0.9292,0.9665,0.1268,86.7672
BZ09,business,gemma3_4b,27,3,234,70.1128,1.0751,0.9302,0.9412,0.2135,93.5601
BZ09,business,gemma3_4b,27,4,234,13.0477,1.0159,0.9844,0.9928,0.0896,107.2992
BZ09,business,gemma3_4b,27,5,234,90.9488,1.1127,0.8987,0.9157,0.2735,87.6144
BZ09,business,gemma3_4b,27,6,234,62.1244,1.0698,0.9348,0.9558,0.164,83.0523
BZ09,business,gemma3_4b,27,7,234,89.8053,1.201,0.8326,0.8777,0.2711,68.2123
BZ09,business,gemma3_4b,28,0,234,146.8974,1.6545,0.6044,0.6546,0.4168,57.6201
BZ09,business,gemma3_4b,28,1,234,6.0038,1.0024,0.9976,0.9986,0.0567,108.8082
BZ09,business,gemma3_4b,28,2,234,118.8188,1.1568,0.8644,0.8774,0.3536,76.8932
BZ09,business,gemma3_4b,28,3,234,89.1427,1.1254,0.8886,0.9025,0.3006,83.9257
BZ09,business,gemma3_4b,28,4,234,36.2123,1.0554,0.9475,0.9598,0.1822,92.1117
BZ09,business,gemma3_4b,28,5,234,47.5266,1.062,0.9417,0.955,0.1983,82.2857
BZ09,business,gemma3_4b,28,6,234,2.9382,1.0005,0.9995,0.9997,0.0432,109.9744
BZ09,business,gemma3_4b,28,7,234,3.1537,1.001,0.999,0.9997,0.0448,109.934
BZ09,business,gemma3_4b,29,0,234,13.5249,1.0132,0.9869,0.9947,0.0589,98.966
BZ09,business,gemma3_4b,29,1,234,12.3926,1.0272,0.9735,0.9914,0.0487,100.583
BZ09,business,gemma3_4b,29,2,234,7.1631,1.0051,0.9949,0.9978,0.0497,105.0277
BZ09,business,gemma3_4b,29,3,234,5.9333,1.0028,0.9972,0.9987,0.043,107.9978
BZ09,business,gemma3_4b,29,4,234,15.3521,1.0178,0.9825,0.9927,0.0631,102.5261
BZ09,business,gemma3_4b,29,5,234,14.2963,1.0154,0.9848,0.9939,0.064,102.1784
BZ09,business,gemma3_4b,29,6,234,4.4185,1.0055,0.9945,0.9992,0.0529,112.5191
BZ09,business,gemma3_4b,29,7,234,6.763,1.0033,0.9967,0.999,0.0762,107.4075
BZ09,business,gemma3_4b,30,0,234,8.1472,1.0084,0.9916,0.9976,0.0638,103.9196
BZ09,business,gemma3_4b,30,1,234,46.3321,1.0702,0.9344,0.9488,0.1849,84.27
BZ09,business,gemma3_4b,30,2,234,13.1875,1.0098,0.9903,0.9954,0.0728,102.6205
BZ09,business,gemma3_4b,30,3,234,21.0276,1.0211,0.9793,0.9901,0.0957,98.8991
BZ09,business,gemma3_4b,30,4,234,68.9951,1.1138,0.8979,0.9228,0.2347,74.9764
BZ09,business,gemma3_4b,30,5,234,22.0404,1.0202,0.9802,0.9909,0.0909,92.9775
BZ09,business,gemma3_4b,30,6,234,32.3662,1.0241,0.9765,0.9839,0.1289,89.5613
BZ09,business,gemma3_4b,30,7,234,23.3175,1.0152,0.985,0.9913,0.1058,92.9185
BZ09,business,gemma3_4b,31,0,234,8.1119,1.0035,0.9965,0.998,0.0806,106.6346
BZ09,business,gemma3_4b,31,1,234,1.8991,1.0002,0.9998,0.9999,0.0371,113.4622
BZ09,business,gemma3_4b,31,2,234,104.2893,1.1047,0.9052,0.9229,0.2403,80.3944
BZ09,business,gemma3_4b,31,3,234,162.4485,2.115,0.4728,0.5433,0.494,47.099
BZ09,business,gemma3_4b,31,4,234,123.4233,1.1962,0.836,0.8521,0.2769,73.9969
BZ09,business,gemma3_4b,31,5,234,153.6648,2.7473,0.364,0.4779,0.4034,42.7686
BZ09,business,gemma3_4b,31,6,234,85.0239,1.0607,0.9428,0.9524,0.1996,82.3703
BZ09,business,gemma3_4b,31,7,234,175.6205,2.573,0.3887,0.4492,0.4819,44.7535
BZ09,business,gemma3_4b,32,0,234,36.7589,1.0823,0.924,0.9438,0.1871,90.5292
BZ09,business,gemma3_4b,32,1,234,27.0577,1.028,0.9728,0.9828,0.1223,90.0709
BZ09,business,gemma3_4b,32,2,234,186.9531,2.5079,0.3987,0.427,0.5574,47.8909
BZ09,business,gemma3_4b,32,3,234,83.3707,1.097,0.9116,0.9306,0.2409,81.3291
BZ09,business,gemma3_4b,32,4,234,12.3455,1.0123,0.9879,0.9945,0.0894,107.3505
BZ09,business,gemma3_4b,32,5,234,69.7046,1.0627,0.941,0.9578,0.2538,83.59
BZ09,business,gemma3_4b,32,6,234,101.0175,1.1756,0.8506,0.8765,0.3487,75.0486
BZ09,business,gemma3_4b,32,7,234,33.88,1.0269,0.9738,0.9806,0.1376,100.4177
BZ09,business,gemma3_4b,33,0,234,56.8566,1.1052,0.9048,0.9599,0.1922,73.7319
BZ09,business,gemma3_4b,33,1,234,10.8016,1.021,0.9795,0.9973,0.088,99.973
BZ09,business,gemma3_4b,33,2,234,169.9076,1.5649,0.639,0.6736,0.5013,57.0589
BZ09,business,gemma3_4b,33,3,234,109.9021,1.1183,0.8942,0.9178,0.261,79.5846
BZ09,business,gemma3_4b,33,4,234,36.5036,1.015,0.9852,0.9885,0.1377,98.0142
BZ09,business,gemma3_4b,33,5,234,203.4383,10.4091,0.0961,0.149,0.7218,23.3409
BZ09,business,gemma3_4b,33,6,234,176.1255,5.3153,0.1881,0.2618,0.6503,26.3879
BZ09,business,gemma3_4b,33,7,234,233.4421,107.3743,0.0093,0.0279,0.964,4.1103
TC01,technical,gemma3_4b,0,0,211,62.811,1.4656,0.6823,0.7849,0.1823,50.121
TC01,technical,gemma3_4b,0,1,211,91.0761,1.7196,0.5815,0.6583,0.1304,49.9336
TC01,technical,gemma3_4b,0,2,211,102.6302,2.0621,0.4849,0.6292,0.3459,23.7302
TC01,technical,gemma3_4b,0,3,211,41.8514,1.7232,0.5803,0.8518,0.1287,46.9849
TC01,technical,gemma3_4b,0,4,211,173.6401,36.4719,0.0274,0.0888,0.9373,2.5518
TC01,technical,gemma3_4b,0,5,211,88.2409,5.4056,0.185,0.4327,0.3073,27.0756
TC01,technical,gemma3_4b,0,6,211,109.7893,1.6899,0.5918,0.6299,0.4026,52.4079
TC01,technical,gemma3_4b,0,7,211,69.9285,1.2349,0.8098,0.842,0.2531,67.2678
TC01,technical,gemma3_4b,1,0,211,38.6793,1.0521,0.9505,0.9688,0.1548,82.5744
TC01,technical,gemma3_4b,1,1,211,59.0886,1.2116,0.8253,0.8557,0.253,71.0913
TC01,technical,gemma3_4b,1,2,211,62.8384,1.2645,0.7908,0.8895,0.1855,49.7258
TC01,technical,gemma3_4b,1,3,211,30.0917,1.0547,0.9481,0.9777,0.1153,62.8204
TC01,technical,gemma3_4b,1,4,211,113.2966,2.8033,0.3567,0.4507,0.4627,30.7925
TC01,technical,gemma3_4b,1,5,211,42.6742,1.1707,0.8542,0.9083,0.0532,79.9916
TC01,technical,gemma3_4b,1,6,211,29.3349,1.0921,0.9156,0.9565,0.1388,65.5808
TC01,technical,gemma3_4b,1,7,211,30.571,1.0849,0.9217,0.9482,0.1314,78.6309
TC01,technical,gemma3_4b,2,0,211,18.2988,1.0255,0.9752,0.9887,0.1078,92.9224
TC01,technical,gemma3_4b,2,1,211,70.5127,1.2841,0.7788,0.8155,0.2734,60.6239
TC01,technical,gemma3_4b,2,2,211,144.0228,2.3457,0.4263,0.461,0.5971,42.1802
TC01,technical,gemma3_4b,2,3,211,129.1859,1.8384,0.5439,0.5839,0.5365,47.3654
TC01,technical,gemma3_4b,2,4,211,146.4898,2.3075,0.4334,0.5106,0.3435,46.6893
TC01,technical,gemma3_4b,2,5,211,96.5601,1.6763,0.5966,0.6521,0.4172,51.8646
TC01,technical,gemma3_4b,2,6,211,84.2685,3.8641,0.2588,0.439,0.5605,11.1628
TC01,technical,gemma3_4b,2,7,211,77.586,1.3629,0.7337,0.81,0.1322,46.2727
TC01,technical,gemma3_4b,3,0,211,83.177,1.3323,0.7506,0.7899,0.3607,59.3328
TC01,technical,gemma3_4b,3,1,211,81.5799,1.4502,0.6896,0.7423,0.3112,54.5899
TC01,technical,gemma3_4b,3,2,211,86.7115,1.4228,0.7028,0.7387,0.3986,56.1815
TC01,technical,gemma3_4b,3,3,211,94.5093,2.1261,0.4703,0.5486,0.5009,43.9797
TC01,technical,gemma3_4b,3,4,211,108.3262,1.8118,0.5519,0.5979,0.5288,44.2477
TC01,technical,gemma3_4b,3,5,211,104.0781,1.6237,0.6159,0.6763,0.3951,39.2278
TC01,technical,gemma3_4b,3,6,211,74.74,2.0757,0.4818,0.599,0.382,40.6915
TC01,technical,gemma3_4b,3,7,211,77.4637,1.3034,0.7672,0.8051,0.2834,62.4103
TC01,technical,gemma3_4b,4,0,211,83.7019,1.5284,0.6543,0.7933,0.2317,42.6823
TC01,technical,gemma3_4b,4,1,211,91.3844,3.3214,0.3011,0.5109,0.3693,29.916
TC01,technical,gemma3_4b,4,2,211,56.3086,1.2117,0.8253,0.8762,0.0607,76.7882
TC01,technical,gemma3_4b,4,3,211,107.8092,1.8031,0.5546,0.6474,0.3946,41.6547
TC01,technical,gemma3_4b,4,4,211,67.987,3.0036,0.3329,0.5491,0.3796,20.6031
TC01,technical,gemma3_4b,4,5,211,115.5195,3.8051,0.2628,0.3549,0.7056,20.2673
TC01,technical,gemma3_4b,4,6,211,203.5176,64.425,0.0155,0.0514,0.9177,5.6381
TC01,technical,gemma3_4b,4,7,211,36.2288,1.3682,0.7309,0.934,0.0948,59.5247
TC01,technical,gemma3_4b,5,0,211,74.5271,1.2886,0.776,0.8231,0.1633,69.4073
TC01,technical,gemma3_4b,5,1,211,20.4424,1.0416,0.96,0.9817,0.0567,95.7117
TC01,technical,gemma3_4b,5,2,211,27.1771,1.0553,0.9476,0.9704,0.0774,92.9249
TC01,technical,gemma3_4b,5,3,211,30.3868,1.0919,0.9159,0.9596,0.0489,90.7972
TC01,technical,gemma3_4b,5,4,211,103.9391,1.9747,0.5064,0.5932,0.4772,37.1889
TC01,technical,gemma3_4b,5,5,211,33.8247,1.057,0.9461,0.9692,0.0984,71.3266
TC01,technical,gemma3_4b,5,6,211,71.9661,1.4326,0.698,0.8493,0.138,59.4738
TC01,technical,gemma3_4b,5,7,211,45.285,1.2349,0.8098,0.9186,0.1691,68.7864
TC01,technical,gemma3_4b,6,0,211,50.9188,1.1212,0.8919,0.9239,0.1955,64.4904
TC01,technical,gemma3_4b,6,1,211,87.6006,1.3788,0.7253,0.7753,0.3793,51.4948
TC01,technical,gemma3_4b,6,2,211,73.3359,1.6145,0.6194,0.7949,0.2472,59.2361
TC01,technical,gemma3_4b,6,3,211,68.6465,1.3868,0.7211,0.8333,0.2166,56.4595
TC01,technical,gemma3_4b,6,4,211,51.5173,1.0997,0.9094,0.9427,0.0919,74.8718
TC01,technical,gemma3_4b,6,5,211,36.0238,1.0658,0.9382,0.9671,0.1454,62.7296
TC01,technical,gemma3_4b,6,6,211,100.0049,1.7032,0.5871,0.6465,0.4449,46.8577
TC01,technical,gemma3_4b,6,7,211,132.9506,1.4252,0.7017,0.7444,0.3822,48.0768
TC01,technical,gemma3_4b,7,0,211,144.6148,1.9622,0.5096,0.5512,0.6007,40.6932
TC01,technical,gemma3_4b,7,1,211,152.835,2.2027,0.454,0.4954,0.6056,40.5602
TC01,technical,gemma3_4b,7,2,211,66.8235,1.9239,0.5198,0.6378,0.4109,40.6398
TC01,technical,gemma3_4b,7,3,211,99.5911,1.5132,0.6609,0.7094,0.4219,46.6368
TC01,technical,gemma3_4b,7,4,211,59.3404,1.7483,0.572,0.8132,0.1684,53.2265
TC01,technical,gemma3_4b,7,5,211,79.2649,2.7458,0.3642,0.5217,0.4547,35.8291
TC01,technical,gemma3_4b,7,6,211,78.5671,1.528,0.6544,0.7615,0.2339,47.5628
TC01,technical,gemma3_4b,7,7,211,100.0924,2.486,0.4023,0.5238,0.2646,41.6376
TC01,technical,gemma3_4b,8,0,211,102.3549,1.7005,0.5881,0.6545,0.4304,42.7979
TC01,technical,gemma3_4b,8,1,211,139.9403,1.7106,0.5846,0.6514,0.3728,48.9654
TC01,technical,gemma3_4b,8,2,211,96.5047,1.4683,0.6811,0.7335,0.4531,47.9567
TC01,technical,gemma3_4b,8,3,211,62.0636,1.1417,0.8759,0.8984,0.3124,63.8079
TC01,technical,gemma3_4b,8,4,211,78.9524,1.7737,0.5638,0.7288,0.2586,49.251
TC01,technical,gemma3_4b,8,5,211,88.2843,1.8622,0.537,0.6374,0.3673,49.7508
TC01,technical,gemma3_4b,8,6,211,81.7353,1.6839,0.5939,0.734,0.3489,32.5443
TC01,technical,gemma3_4b,8,7,211,96.8995,1.9339,0.5171,0.597,0.5028,41.1071
TC01,technical,gemma3_4b,9,0,211,88.29,1.9755,0.5062,0.6196,0.3524,43.2119
TC01,technical,gemma3_4b,9,1,211,89.0715,1.4196,0.7044,0.7729,0.3784,48.2969
TC01,technical,gemma3_4b,9,2,211,51.5491,1.3425,0.7449,0.8807,0.1341,62.5003
TC01,technical,gemma3_4b,9,3,211,82.9478,1.7287,0.5785,0.7372,0.1749,61.7198
TC01,technical,gemma3_4b,9,4,211,70.7496,1.5125,0.6611,0.7856,0.2172,54.4834
TC01,technical,gemma3_4b,9,5,211,80.0137,3.099,0.3227,0.6394,0.2695,46.1529
TC01,technical,gemma3_4b,9,6,211,54.1273,1.1172,0.8951,0.9266,0.1738,55.5181
TC01,technical,gemma3_4b,9,7,211,88.5874,1.8882,0.5296,0.6299,0.2945,46.4681
TC01,technical,gemma3_4b,10,0,211,100.081,2.5501,0.3921,0.4964,0.5323,31.038
TC01,technical,gemma3_4b,10,1,211,164.8933,3.3932,0.2947,0.3515,0.6868,32.8047
TC01,technical,gemma3_4b,10,2,211,55.3616,1.1978,0.8348,0.9164,0.163,57.6894
TC01,technical,gemma3_4b,10,3,211,69.6287,1.2443,0.8037,0.8672,0.2382,52.5078
TC01,technical,gemma3_4b,10,4,211,41.7537,1.1217,0.8915,0.9382,0.1916,62.0138
TC01,technical,gemma3_4b,10,5,211,100.4146,1.3289,0.7525,0.8268,0.288,49.955
TC01,technical,gemma3_4b,10,6,211,84.9175,1.5939,0.6274,0.7161,0.3837,44.2234
TC01,technical,gemma3_4b,10,7,211,68.1082,1.2504,0.7998,0.8518,0.2765,58.0096
TC01,technical,gemma3_4b,11,0,211,61.5792,1.2239,0.8171,0.8999,0.1791,60.5072
TC01,technical,gemma3_4b,11,1,211,28.909,1.0516,0.951,0.9747,0.1292,79.611
TC01,technical,gemma3_4b,11,2,211,127.7728,1.7804,0.5617,0.6563,0.3143,61.1459
TC01,technical,gemma3_4b,11,3,211,64.4869,1.1465,0.8723,0.9345,0.158,72.663
TC01,technical,gemma3_4b,11,4,211,89.4856,1.6866,0.5929,0.7266,0.1976,61.2027
TC01,technical,gemma3_4b,11,5,211,15.4403,1.0343,0.9669,0.9812,0.058,97.0235
TC01,technical,gemma3_4b,11,6,211,76.9442,4.2533,0.2351,0.6126,0.2089,57.3444
TC01,technical,gemma3_4b,11,7,211,84.4476,2.0634,0.4846,0.693,0.2131,58.5847
TC01,technical,gemma3_4b,12,0,211,61.0518,1.2184,0.8207,0.8846,0.1859,63.4312
TC01,technical,gemma3_4b,12,1,211,63.1656,1.5443,0.6475,0.8066,0.1065,66.2828
TC01,technical,gemma3_4b,12,2,211,116.3853,5.0048,0.1998,0.3366,0.5549,23.5203
TC01,technical,gemma3_4b,12,3,211,78.6325,1.7027,0.5873,0.7101,0.2626,42.715
TC01,technical,gemma3_4b,12,4,211,78.1404,2.0216,0.4947,0.6567,0.3115,45.3994
TC01,technical,gemma3_4b,12,5,211,114.9962,1.8892,0.5293,0.6349,0.339,47.8922
TC01,technical,gemma3_4b,12,6,211,88.7248,2.3741,0.4212,0.6077,0.3188,43.8381
TC01,technical,gemma3_4b,12,7,211,90.486,2.1401,0.4673,0.6084,0.3889,45.8017
TC01,technical,gemma3_4b,13,0,211,114.4076,2.1155,0.4727,0.5433,0.5983,36.2587
TC01,technical,gemma3_4b,13,1,211,120.2022,2.0487,0.4881,0.5566,0.5754,36.5965
TC01,technical,gemma3_4b,13,2,211,57.663,1.1394,0.8776,0.9172,0.1824,62.9489
TC01,technical,gemma3_4b,13,3,211,91.3067,2.7,0.3704,0.5227,0.3812,36.3135
TC01,technical,gemma3_4b,13,4,211,65.6601,1.3771,0.7262,0.8386,0.1789,60.7603
TC01,technical,gemma3_4b,13,5,211,44.2842,1.1551,0.8658,0.9305,0.1319,68.1376
TC01,technical,gemma3_4b,13,6,211,133.3345,1.4493,0.69,0.7355,0.4133,52.2326
TC01,technical,gemma3_4b,13,7,211,158.6856,1.8338,0.5453,0.594,0.4137,46.6249
TC01,technical,gemma3_4b,14,0,211,88.7522,1.4759,0.6775,0.7438,0.4146,48.415
TC01,technical,gemma3_4b,14,1,211,77.0164,1.3213,0.7568,0.8209,0.3187,54.0624
TC01,technical,gemma3_4b,14,2,211,109.392,2.404,0.416,0.5876,0.3647,41.748
TC01,technical,gemma3_4b,14,3,211,116.9388,4.3552,0.2296,0.4175,0.3991,42.5814
TC01,technical,gemma3_4b,14,4,211,104.8549,2.3852,0.4193,0.5402,0.5088,35.5267
TC01,technical,gemma3_4b,14,5,211,77.6971,2.0377,0.4907,0.5842,0.4687,41.0219
TC01,technical,gemma3_4b,14,6,211,94.3523,4.9423,0.2023,0.4329,0.3836,29.7166
TC01,technical,gemma3_4b,14,7,211,206.3429,27.7052,0.0361,0.0702,0.7285,16.961
TC01,technical,gemma3_4b,15,0,211,68.9503,1.1833,0.8451,0.8919,0.2407,58.4757
TC01,technical,gemma3_4b,15,1,211,68.1883,1.2915,0.7743,0.8501,0.2777,58.9715
TC01,technical,gemma3_4b,15,2,211,43.4551,1.0533,0.9494,0.9647,0.194,65.3858
TC01,technical,gemma3_4b,15,3,211,89.3601,1.564,0.6394,0.7084,0.4076,46.7979
TC01,technical,gemma3_4b,15,4,211,60.2693,1.1828,0.8455,0.8991,0.2411,63.0251
TC01,technical,gemma3_4b,15,5,211,58.6513,1.2117,0.8253,0.8929,0.2102,66.3054
TC01,technical,gemma3_4b,15,6,211,66.1525,1.3149,0.7605,0.8528,0.2265,58.9989
TC01,technical,gemma3_4b,15,7,211,72.224,1.3684,0.7308,0.8283,0.247,59.6478
TC01,technical,gemma3_4b,16,0,211,151.7803,2.9867,0.3348,0.3939,0.6784,30.6953
TC01,technical,gemma3_4b,16,1,211,112.1251,1.7281,0.5787,0.6726,0.3682,46.5059
TC01,technical,gemma3_4b,16,2,211,79.7942,1.3569,0.737,0.8088,0.3167,46.509
TC01,technical,gemma3_4b,16,3,211,80.0798,1.3486,0.7415,0.8078,0.3309,51.743
TC01,technical,gemma3_4b,16,4,211,72.9503,1.5405,0.6491,0.7678,0.3246,49.0184
TC01,technical,gemma3_4b,16,5,211,103.3968,2.0228,0.4944,0.5987,0.4091,42.3617
TC01,technical,gemma3_4b,16,6,211,63.3478,3.2064,0.3119,0.6214,0.2251,45.874
TC01,technical,gemma3_4b,16,7,211,102.3354,3.7316,0.268,0.4657,0.377,40.862
TC01,technical,gemma3_4b,17,0,211,105.8434,3.3983,0.2943,0.529,0.3033,54.9453
TC01,technical,gemma3_4b,17,1,211,95.7583,1.3422,0.745,0.8337,0.2139,61.6376
TC01,technical,gemma3_4b,17,2,211,72.9058,1.7569,0.5692,0.7384,0.2092,63.5821
TC01,technical,gemma3_4b,17,3,211,114.97,2.3709,0.4218,0.5667,0.3331,57.2698
TC01,technical,gemma3_4b,17,4,211,35.6225,1.1036,0.9061,0.9552,0.1365,78.6918
TC01,technical,gemma3_4b,17,5,211,19.7866,1.0483,0.9539,0.9769,0.0952,90.2182
TC01,technical,gemma3_4b,17,6,211,28.4801,1.0486,0.9536,0.9785,0.0847,81.4479
TC01,technical,gemma3_4b,17,7,211,30.8751,1.059,0.9443,0.9698,0.1201,73.5575
TC01,technical,gemma3_4b,18,0,211,76.9815,1.2353,0.8095,0.8623,0.3345,61.5172
TC01,technical,gemma3_4b,18,1,211,69.4546,1.384,0.7226,0.7909,0.2713,58.7359
TC01,technical,gemma3_4b,18,2,211,103.016,1.529,0.654,0.7498,0.3425,51.4703
TC01,technical,gemma3_4b,18,3,211,113.4707,2.3506,0.4254,0.5202,0.5277,33.1879
TC01,technical,gemma3_4b,18,4,211,110.1456,1.4896,0.6713,0.7179,0.4548,51.3875
TC01,technical,gemma3_4b,18,5,211,82.9369,1.2151,0.823,0.8533,0.3803,58.2777
TC01,technical,gemma3_4b,18,6,211,116.5774,2.9578,0.3381,0.4542,0.5381,30.3803
TC01,technical,gemma3_4b,18,7,211,110.1449,4.6171,0.2166,0.3672,0.5967,24.2082
TC01,technical,gemma3_4b,19,0,211,80.529,1.2118,0.8252,0.8691,0.3093,58.5052
TC01,technical,gemma3_4b,19,1,211,51.7095,1.0959,0.9125,0.9373,0.2081,71.7723
TC01,technical,gemma3_4b,19,2,211,100.5429,1.4056,0.7114,0.751,0.4598,44.9596
TC01,technical,gemma3_4b,19,3,211,48.8456,1.2659,0.79,0.8569,0.2538,54.9311
TC01,technical,gemma3_4b,19,4,211,123.6875,2.4734,0.4043,0.5445,0.3781,41.0241
TC01,technical,gemma3_4b,19,5,211,130.5677,5.3922,0.1855,0.3319,0.462,32.9876
TC01,technical,gemma3_4b,19,6,211,67.2164,1.5741,0.6353,0.7387,0.4202,53.1433
TC01,technical,gemma3_4b,19,7,211,76.1406,1.1401,0.8771,0.9148,0.1645,77.2906
TC01,technical,gemma3_4b,20,0,211,43.5031,1.0742,0.9309,0.9566,0.1825,71.6131
TC01,technical,gemma3_4b,20,1,211,78.7968,1.2609,0.7931,0.8514,0.2736,54.1378
TC01,technical,gemma3_4b,20,2,211,66.8641,1.2598,0.7937,0.8413,0.3201,54.8549
TC01,technical,gemma3_4b,20,3,211,43.5336,1.0677,0.9366,0.9568,0.1965,69.7798
TC01,technical,gemma3_4b,20,4,211,77.2151,1.5208,0.6576,0.7527,0.4238,43.4891
TC01,technical,gemma3_4b,20,5,211,82.7361,1.4794,0.6759,0.7371,0.4765,53.1849
TC01,technical,gemma3_4b,20,6,211,159.9783,1.8345,0.5451,0.5969,0.4353,46.5259
TC01,technical,gemma3_4b,20,7,211,129.3646,2.9738,0.3363,0.4495,0.5879,27.5157
TC01,technical,gemma3_4b,21,0,211,71.2831,1.2208,0.8191,0.8713,0.2358,62.3951
TC01,technical,gemma3_4b,21,1,211,17.3538,1.0333,0.9678,0.9905,0.1069,88.2018
TC01,technical,gemma3_4b,21,2,211,47.8453,1.1619,0.8607,0.927,0.1305,66.9135
TC01,technical,gemma3_4b,21,3,211,114.6741,1.7243,0.5799,0.6191,0.5509,45.4709
TC01,technical,gemma3_4b,21,4,211,74.6569,1.2773,0.7829,0.8282,0.3813,60.9245
TC01,technical,gemma3_4b,21,5,211,35.1368,1.0512,0.9513,0.9708,0.2063,82.0035
TC01,technical,gemma3_4b,21,6,211,40.1522,1.1001,0.909,0.9488,0.1084,79.5149
TC01,technical,gemma3_4b,21,7,211,63.2826,1.1154,0.8966,0.9213,0.241,65.7748
TC01,technical,gemma3_4b,22,0,211,105.112,1.2081,0.8277,0.8533,0.3675,59.161
TC01,technical,gemma3_4b,22,1,211,149.007,1.5912,0.6284,0.6563,0.493,55.9437
TC01,technical,gemma3_4b,22,2,211,151.932,1.6916,0.5912,0.633,0.451,46.2447
TC01,technical,gemma3_4b,22,3,211,130.8979,1.8319,0.5459,0.606,0.5568,42.6963
TC01,technical,gemma3_4b,22,4,211,151.9522,1.5433,0.648,0.6887,0.3521,51.8024
TC01,technical,gemma3_4b,22,5,211,106.4406,2.139,0.4675,0.6468,0.3302,46.5843
TC01,technical,gemma3_4b,22,6,211,96.3658,1.5432,0.648,0.7411,0.3208,57.2357
TC01,technical,gemma3_4b,22,7,211,112.2709,1.5527,0.644,0.7221,0.2901,56.069
TC01,technical,gemma3_4b,23,0,211,25.5685,1.0312,0.9698,0.9857,0.094,87.3083
TC01,technical,gemma3_4b,23,1,211,29.5021,1.074,0.9311,0.9692,0.079,89.2688
TC01,technical,gemma3_4b,23,2,211,82.443,1.3954,0.7166,0.7933,0.2543,57.481
TC01,technical,gemma3_4b,23,3,211,58.585,1.1799,0.8475,0.906,0.1598,73.7447
TC01,technical,gemma3_4b,23,4,211,9.094,1.008,0.9921,0.9963,0.0675,90.2001
TC01,technical,gemma3_4b,23,5,211,47.3389,1.0544,0.9484,0.9595,0.2498,74.8245
TC01,technical,gemma3_4b,23,6,211,20.3446,1.0274,0.9733,0.9893,0.0961,91.2499
TC01,technical,gemma3_4b,23,7,211,13.3154,1.0114,0.9888,0.9951,0.0757,94.3656
TC01,technical,gemma3_4b,24,0,211,41.7363,1.0912,0.9164,0.9636,0.158,68.229
TC01,technical,gemma3_4b,24,1,211,54.4148,1.1616,0.8609,0.9272,0.2059,66.0572
TC01,technical,gemma3_4b,24,2,211,28.2888,1.0652,0.9388,0.9653,0.1085,86.6361
TC01,technical,gemma3_4b,24,3,211,23.0681,1.0676,0.9367,0.9661,0.1114,83.9986
TC01,technical,gemma3_4b,24,4,211,87.9282,1.1972,0.8353,0.8752,0.2915,61.3895
TC01,technical,gemma3_4b,24,5,211,70.8549,1.1257,0.8883,0.9195,0.2578,63.6258
TC01,technical,gemma3_4b,24,6,211,97.6423,1.2334,0.8108,0.8478,0.3628,60.8445
TC01,technical,gemma3_4b,24,7,211,28.844,1.0141,0.9861,0.9899,0.1291,87.7743
TC01,technical,gemma3_4b,25,0,211,37.7479,1.0756,0.9297,0.9569,0.1251,79.3851
TC01,technical,gemma3_4b,25,1,211,21.4757,1.0482,0.954,0.9768,0.1129,79.2924
TC01,technical,gemma3_4b,25,2,211,44.8973,1.0364,0.9649,0.9759,0.1842,73.4441
TC01,technical,gemma3_4b,25,3,211,107.7197,1.547,0.6464,0.72,0.433,50.0103
TC01,technical,gemma3_4b,25,4,211,84.6682,1.2285,0.814,0.8645,0.2605,69.1098
TC01,technical,gemma3_4b,25,5,211,45.0795,1.0788,0.9269,0.9557,0.2019,77.122
TC01,technical,gemma3_4b,25,6,211,33.6444,1.0272,0.9735,0.9812,0.177,83.2209
TC01,technical,gemma3_4b,25,7,211,34.9457,1.0483,0.9539,0.9683,0.1846,86.521
TC01,technical,gemma3_4b,26,0,211,12.8076,1.0083,0.9918,0.9951,0.0827,89.3914
TC01,technical,gemma3_4b,26,1,211,12.1178,1.0115,0.9887,0.9952,0.0752,91.9965
TC01,technical,gemma3_4b,26,2,211,15.7336,1.0255,0.9752,0.9918,0.1154,87.5728
TC01,technical,gemma3_4b,26,3,211,80.5043,1.1722,0.8531,0.8879,0.2796,66.211
TC01,technical,gemma3_4b,26,4,211,16.5309,1.0388,0.9627,0.9899,0.0789,89.8343
TC01,technical,gemma3_4b,26,5,211,20.6737,1.0469,0.9552,0.9809,0.0751,89.291
TC01,technical,gemma3_4b,26,6,211,11.3602,1.0382,0.9632,0.9881,0.0746,84.43
TC01,technical,gemma3_4b,26,7,211,58.1177,1.0901,0.9174,0.9414,0.2169,63.0484
TC01,technical,gemma3_4b,27,0,211,7.5694,1.0018,0.9982,0.9987,0.0621,100.5776
TC01,technical,gemma3_4b,27,1,211,136.8133,2.0544,0.4868,0.5478,0.4676,43.8536
TC01,technical,gemma3_4b,27,2,211,16.6059,1.0851,0.9215,0.9615,0.1338,78.1805
TC01,technical,gemma3_4b,27,3,211,58.0415,1.0785,0.9272,0.9386,0.2094,84.8485
TC01,technical,gemma3_4b,27,4,211,8.5429,1.0066,0.9934,0.9973,0.074,99.8215
TC01,technical,gemma3_4b,27,5,211,63.2514,1.0625,0.9412,0.9538,0.219,86.2323
TC01,technical,gemma3_4b,27,6,211,60.1757,1.0855,0.9212,0.949,0.1764,73.6205
TC01,technical,gemma3_4b,27,7,211,72.1351,1.1381,0.8787,0.9059,0.2482,65.8506
TC01,technical,gemma3_4b,28,0,211,127.6356,1.8719,0.5342,0.626,0.4201,49.3878
TC01,technical,gemma3_4b,28,1,211,6.3416,1.0034,0.9966,0.9983,0.0615,97.4902
TC01,technical,gemma3_4b,28,2,211,117.1691,1.1957,0.8364,0.8527,0.3764,68.459
TC01,technical,gemma3_4b,28,3,211,73.9889,1.0944,0.9137,0.9232,0.2793,79.5738
TC01,technical,gemma3_4b,28,4,211,34.5531,1.0703,0.9343,0.9534,0.197,80.6201
TC01,technical,gemma3_4b,28,5,211,34.2376,1.0471,0.9551,0.9695,0.1813,79.6596
TC01,technical,gemma3_4b,28,6,211,2.6655,1.0006,0.9994,0.9998,0.0441,99.7573
TC01,technical,gemma3_4b,28,7,211,2.8635,1.0011,0.9989,0.9997,0.0468,99.4279
TC01,technical,gemma3_4b,29,0,211,14.0972,1.0231,0.9774,0.9921,0.0719,88.3532
TC01,technical,gemma3_4b,29,1,211,12.6146,1.0349,0.9662,0.9895,0.0585,89.7783
TC01,technical,gemma3_4b,29,2,211,6.6652,1.0043,0.9958,0.9977,0.0562,95.3406
TC01,technical,gemma3_4b,29,3,211,7.1299,1.0042,0.9958,0.998,0.0549,96.0353
TC01,technical,gemma3_4b,29,4,211,15.5618,1.0206,0.9798,0.9924,0.0769,90.7387
TC01,technical,gemma3_4b,29,5,211,14.8168,1.0173,0.983,0.9918,0.0778,91.107
TC01,technical,gemma3_4b,29,6,211,3.8843,1.0016,0.9984,0.9995,0.0532,102.5471
TC01,technical,gemma3_4b,29,7,211,6.8236,1.0016,0.9984,0.9988,0.0832,96.521
TC01,technical,gemma3_4b,30,0,211,8.3391,1.0081,0.992,0.9973,0.07,92.1625
TC01,technical,gemma3_4b,30,1,211,46.2441,1.1216,0.8916,0.9263,0.2231,70.1985
TC01,technical,gemma3_4b,30,2,211,17.986,1.0111,0.989,0.9933,0.0956,88.3095
TC01,technical,gemma3_4b,30,3,211,27.0634,1.0241,0.9764,0.9856,0.1188,84.6934
TC01,technical,gemma3_4b,30,4,211,52.8376,1.0764,0.929,0.9487,0.2179,72.6109
TC01,technical,gemma3_4b,30,5,211,22.0241,1.0192,0.9811,0.9904,0.1003,83.0397
TC01,technical,gemma3_4b,30,6,211,31.7751,1.0291,0.9718,0.9815,0.1406,80.0249
TC01,technical,gemma3_4b,30,7,211,25.0329,1.0192,0.9812,0.9895,0.1177,81.1348
TC01,technical,gemma3_4b,31,0,211,8.9502,1.0035,0.9965,0.9977,0.0907,94.1011
TC01,technical,gemma3_4b,31,1,211,2.1881,1.0003,0.9997,0.9999,0.0451,101.6392
TC01,technical,gemma3_4b,31,2,211,98.6568,1.1217,0.8915,0.9091,0.2592,70.5758
TC01,technical,gemma3_4b,31,3,211,146.3996,2.3369,0.4279,0.5228,0.5244,38.8809
TC01,technical,gemma3_4b,31,4,211,113.4222,1.2004,0.8331,0.8502,0.2852,65.4964
TC01,technical,gemma3_4b,31,5,211,140.082,2.7649,0.3617,0.4853,0.4179,38.1024
TC01,technical,gemma3_4b,31,6,211,76.7524,1.0611,0.9424,0.9545,0.202,74.4606
TC01,technical,gemma3_4b,31,7,211,157.6382,3.3043,0.3026,0.3881,0.5084,34.7861
TC01,technical,gemma3_4b,32,0,211,27.8121,1.0491,0.9532,0.9639,0.1606,85.4738
TC01,technical,gemma3_4b,32,1,211,23.6888,1.0474,0.9547,0.979,0.1298,78.7443
TC01,technical,gemma3_4b,32,2,211,172.3927,2.717,0.3681,0.397,0.5765,41.7827
TC01,technical,gemma3_4b,32,3,211,64.374,1.0727,0.9323,0.9499,0.2234,75.8608
TC01,technical,gemma3_4b,32,4,211,8.04,1.0059,0.9941,0.9972,0.078,98.8695
TC01,technical,gemma3_4b,32,5,211,50.5653,1.0434,0.9584,0.9718,0.2288,78.2183
TC01,technical,gemma3_4b,32,6,211,101.1912,1.2573,0.7954,0.8273,0.3978,60.7786
TC01,technical,gemma3_4b,32,7,211,24.9634,1.0151,0.9852,0.9907,0.1227,93.4224
TC01,technical,gemma3_4b,33,0,211,39.4535,1.07,0.9346,0.9791,0.1683,73.0035
TC01,technical,gemma3_4b,33,1,211,7.9519,1.0196,0.9808,0.9983,0.0808,93.1935
TC01,technical,gemma3_4b,33,2,211,157.8429,1.6961,0.5896,0.6277,0.5223,50.0827
TC01,technical,gemma3_4b,33,3,211,95.7433,1.1147,0.8971,0.9211,0.2603,70.5881
TC01,technical,gemma3_4b,33,4,211,52.5056,1.0315,0.9694,0.9769,0.1769,81.9287
TC01,technical,gemma3_4b,33,5,211,184.8682,10.3191,0.0969,0.1716,0.7162,20.1444
TC01,technical,gemma3_4b,33,6,211,158.9383,5.5928,0.1788,0.2658,0.672,23.2334
TC01,technical,gemma3_4b,33,7,211,210.5102,108.6029,0.0092,0.0296,0.9694,3.0922
TC02,technical,gemma3_4b,0,0,220,61.7971,1.4412,0.6939,0.8014,0.1633,54.2392
TC02,technical,gemma3_4b,0,1,220,91.9429,1.7486,0.5719,0.6512,0.1456,51.9376
TC02,technical,gemma3_4b,0,2,220,110.1044,2.7415,0.3648,0.4891,0.3628,24.1231
TC02,technical,gemma3_4b,0,3,220,46.2703,1.6802,0.5952,0.8026,0.1331,48.0078
TC02,technical,gemma3_4b,0,4,220,180.1559,38.9407,0.0257,0.0996,0.9323,2.5983
TC02,technical,gemma3_4b,0,5,220,93.623,5.6067,0.1784,0.4083,0.3006,27.3673
TC02,technical,gemma3_4b,0,6,220,115.6603,1.6823,0.5944,0.6286,0.4063,55.9751
TC02,technical,gemma3_4b,0,7,220,76.3559,1.2899,0.7752,0.8054,0.2752,69.9509
TC02,technical,gemma3_4b,1,0,220,42.0553,1.0679,0.9364,0.9576,0.1597,84.7988
TC02,technical,gemma3_4b,1,1,220,58.083,1.1799,0.8475,0.8741,0.2319,76.1459
TC02,technical,gemma3_4b,1,2,220,69.8541,1.2659,0.7899,0.8888,0.1826,51.2421
TC02,technical,gemma3_4b,1,3,220,31.852,1.0598,0.9435,0.9767,0.1135,64.4944
TC02,technical,gemma3_4b,1,4,220,113.7595,2.6806,0.373,0.4659,0.4528,32.3863
TC02,technical,gemma3_4b,1,5,220,45.5172,1.1771,0.8495,0.8953,0.0574,84.1591
TC02,technical,gemma3_4b,1,6,220,33.9299,1.1004,0.9088,0.9454,0.143,67.9607
TC02,technical,gemma3_4b,1,7,220,33.1253,1.1103,0.9006,0.9286,0.1383,81.7718
TC02,technical,gemma3_4b,2,0,220,21.9939,1.0243,0.9762,0.9849,0.1126,95.6226
TC02,technical,gemma3_4b,2,1,220,71.728,1.2468,0.802,0.8402,0.2628,66.7937
TC02,technical,gemma3_4b,2,2,220,149.5712,2.4316,0.4113,0.4497,0.607,43.7646
TC02,technical,gemma3_4b,2,3,220,135.8996,1.9088,0.5239,0.5618,0.5458,49.327
TC02,technical,gemma3_4b,2,4,220,154.0767,2.3036,0.4341,0.5006,0.3512,48.3352
TC02,technical,gemma3_4b,2,5,220,99.5623,1.8174,0.5502,0.6236,0.4384,51.3614
TC02,technical,gemma3_4b,2,6,220,88.2884,3.6432,0.2745,0.4486,0.55,12.3624
TC02,technical,gemma3_4b,2,7,220,76.6237,1.3501,0.7407,0.8045,0.1197,50.0189
TC02,technical,gemma3_4b,3,0,220,85.9004,1.3344,0.7494,0.7954,0.3438,61.3542
TC02,technical,gemma3_4b,3,1,220,84.5507,1.4876,0.6722,0.7329,0.3211,54.61
TC02,technical,gemma3_4b,3,2,220,91.2486,1.4464,0.6914,0.7262,0.4115,54.8873
TC02,technical,gemma3_4b,3,3,220,102.9866,2.1239,0.4708,0.5445,0.497,42.1179
TC02,technical,gemma3_4b,3,4,220,112.7273,1.8946,0.5278,0.5858,0.5343,45.356
TC02,technical,gemma3_4b,3,5,220,103.9648,1.5344,0.6517,0.7081,0.365,43.8022
TC02,technical,gemma3_4b,3,6,220,79.3189,2.0275,0.4932,0.6222,0.3693,43.8244
TC02,technical,gemma3_4b,3,7,220,83.0037,1.3606,0.735,0.7693,0.2906,65.4436
TC02,technical,gemma3_4b,4,0,220,90.2737,1.5916,0.6283,0.769,0.2264,43.9827
TC02,technical,gemma3_4b,4,1,220,97.7615,3.5001,0.2857,0.4937,0.3501,31.9672
TC02,technical,gemma3_4b,4,2,220,65.0004,1.2293,0.8135,0.8619,0.0638,78.8928
TC02,technical,gemma3_4b,4,3,220,109.3264,1.6792,0.5955,0.6748,0.3625,46.0902
TC02,technical,gemma3_4b,4,4,220,70.8617,2.9536,0.3386,0.5545,0.3731,22.0592
TC02,technical,gemma3_4b,4,5,220,116.6058,3.2311,0.3095,0.3946,0.6755,22.721
TC02,technical,gemma3_4b,4,6,220,211.7692,64.0032,0.0156,0.053,0.904,6.365
TC02,technical,gemma3_4b,4,7,220,44.5626,1.415,0.7067,0.9151,0.1081,57.6665
TC02,technical,gemma3_4b,5,0,220,69.5161,1.2078,0.8279,0.8707,0.122,75.119
TC02,technical,gemma3_4b,5,1,220,19.7199,1.0379,0.9635,0.9843,0.0508,100.0726
TC02,technical,gemma3_4b,5,2,220,23.0263,1.0315,0.9695,0.9832,0.0687,98.1137
TC02,technical,gemma3_4b,5,3,220,30.1184,1.0943,0.9138,0.9545,0.0456,94.8309
TC02,technical,gemma3_4b,5,4,220,109.8911,2.2817,0.4383,0.5371,0.4653,37.3772
TC02,technical,gemma3_4b,5,5,220,36.5312,1.0525,0.9501,0.97,0.0918,74.3813
TC02,technical,gemma3_4b,5,6,220,76.3123,1.3663,0.7319,0.8607,0.1323,60.8111
TC02,technical,gemma3_4b,5,7,220,57.3031,1.483,0.6743,0.8875,0.1867,64.1445
TC02,technical,gemma3_4b,6,0,220,49.5642,1.1102,0.9007,0.9344,0.1756,66.3075
TC02,technical,gemma3_4b,6,1,220,87.0288,1.4165,0.706,0.7684,0.3574,52.3176
TC02,technical,gemma3_4b,6,2,220,76.2504,1.6999,0.5883,0.7825,0.2285,54.6982
TC02,technical,gemma3_4b,6,3,220,68.5967,1.4569,0.6864,0.8509,0.1987,55.7767
TC02,technical,gemma3_4b,6,4,220,48.121,1.0781,0.9276,0.9486,0.0738,80.8267
TC02,technical,gemma3_4b,6,5,220,37.0839,1.0614,0.9421,0.969,0.1457,61.987
TC02,technical,gemma3_4b,6,6,220,100.36,1.742,0.574,0.6495,0.4136,46.4915
TC02,technical,gemma3_4b,6,7,220,129.5551,1.3329,0.7503,0.7906,0.3438,53.2686
TC02,technical,gemma3_4b,7,0,220,150.6861,1.8072,0.5533,0.5918,0.5728,44.1308
TC02,technical,gemma3_4b,7,1,220,152.1788,2.3223,0.4306,0.4881,0.605,41.0218
TC02,technical,gemma3_4b,7,2,220,69.883,2.0809,0.4806,0.6021,0.4162,39.5909
TC02,technical,gemma3_4b,7,3,220,98.6016,1.5261,0.6553,0.7033,0.4223,48.7526
TC02,technical,gemma3_4b,7,4,220,69.8657,1.7734,0.5639,0.7758,0.1876,49.1179
TC02,technical,gemma3_4b,7,5,220,84.2267,3.2136,0.3112,0.4975,0.4711,34.2265
TC02,technical,gemma3_4b,7,6,220,82.2804,1.4246,0.702,0.7858,0.2174,47.1204
TC02,technical,gemma3_4b,7,7,220,102.3562,2.4742,0.4042,0.5361,0.2423,43.2538
TC02,technical,gemma3_4b,8,0,220,112.9745,1.7312,0.5776,0.6479,0.4339,41.7282
TC02,technical,gemma3_4b,8,1,220,146.4215,1.5794,0.6332,0.6906,0.3667,51.7321
TC02,technical,gemma3_4b,8,2,220,100.8663,1.4636,0.6833,0.7289,0.4428,49.6955
TC02,technical,gemma3_4b,8,3,220,69.013,1.157,0.8643,0.8864,0.3146,64.8948
TC02,technical,gemma3_4b,8,4,220,88.6175,1.9228,0.5201,0.6686,0.279,44.5211
TC02,technical,gemma3_4b,8,5,220,96.3113,1.9634,0.5093,0.6081,0.3729,44.7682
TC02,technical,gemma3_4b,8,6,220,82.0812,1.6559,0.6039,0.731,0.3401,35.6196
TC02,technical,gemma3_4b,8,7,220,98.1364,1.9267,0.519,0.5938,0.4917,42.161
TC02,technical,gemma3_4b,9,0,220,92.6404,2.0564,0.4863,0.6201,0.3435,45.4525
TC02,technical,gemma3_4b,9,1,220,90.2499,1.3736,0.728,0.8003,0.3479,52.4677
TC02,technical,gemma3_4b,9,2,220,56.5563,1.3644,0.7329,0.8798,0.1264,60.8998
TC02,technical,gemma3_4b,9,3,220,82.7043,1.5869,0.6301,0.7614,0.1616,66.0626
TC02,technical,gemma3_4b,9,4,220,66.3197,1.3125,0.7619,0.8526,0.187,58.4129
TC02,technical,gemma3_4b,9,5,220,88.5032,2.6014,0.3844,0.6229,0.2694,46.305
TC02,technical,gemma3_4b,9,6,220,52.8289,1.1108,0.9003,0.9286,0.1558,59.8035
TC02,technical,gemma3_4b,9,7,220,87.4403,1.7022,0.5875,0.6712,0.239,51.7626
TC02,technical,gemma3_4b,10,0,220,104.7532,2.159,0.4632,0.536,0.4861,34.9472
TC02,technical,gemma3_4b,10,1,220,170.6977,3.1217,0.3203,0.3691,0.6673,36.0874
TC02,technical,gemma3_4b,10,2,220,60.2106,1.2195,0.82,0.9095,0.1593,59.4324
TC02,technical,gemma3_4b,10,3,220,70.1548,1.2639,0.7912,0.8679,0.215,55.3008
TC02,technical,gemma3_4b,10,4,220,42.4261,1.1051,0.9049,0.9391,0.189,62.7222
TC02,technical,gemma3_4b,10,5,220,107.3703,1.321,0.757,0.8289,0.2859,53.4976
TC02,technical,gemma3_4b,10,6,220,91.266,1.6388,0.6102,0.6859,0.3915,43.4537
TC02,technical,gemma3_4b,10,7,220,75.366,1.3674,0.7313,0.7992,0.2733,56.7664
TC02,technical,gemma3_4b,11,0,220,62.8076,1.2193,0.8201,0.9061,0.1628,62.7924
TC02,technical,gemma3_4b,11,1,220,28.9211,1.057,0.9461,0.9761,0.1203,83.2411
TC02,technical,gemma3_4b,11,2,220,138.8027,1.7814,0.5614,0.6653,0.3171,63.1403
TC02,technical,gemma3_4b,11,3,220,73.1928,1.1602,0.8619,0.9234,0.1628,72.7547
TC02,technical,gemma3_4b,11,4,220,84.7905,1.5391,0.6497,0.7481,0.162,66.0092
TC02,technical,gemma3_4b,11,5,220,15.4439,1.0255,0.9752,0.9879,0.0629,101.4849
TC02,technical,gemma3_4b,11,6,220,81.6606,4.2346,0.2361,0.5897,0.1869,61.0927
TC02,technical,gemma3_4b,11,7,220,83.5731,2.0123,0.497,0.679,0.2145,61.021
TC02,technical,gemma3_4b,12,0,220,63.7746,1.2322,0.8116,0.8706,0.1842,64.4559
TC02,technical,gemma3_4b,12,1,220,71.2767,1.4383,0.6953,0.8105,0.1139,66.3368
TC02,technical,gemma3_4b,12,2,220,121.535,5.1321,0.1949,0.3256,0.56,23.3923
TC02,technical,gemma3_4b,12,3,220,81.1583,1.627,0.6146,0.7361,0.2518,44.1703
TC02,technical,gemma3_4b,12,4,220,83.3868,2.2343,0.4476,0.6086,0.3278,41.966
TC02,technical,gemma3_4b,12,5,220,121.7342,1.8423,0.5428,0.6418,0.3495,48.8192
TC02,technical,gemma3_4b,12,6,220,92.1459,2.1814,0.4584,0.6235,0.2949,45.7082
TC02,technical,gemma3_4b,12,7,220,93.858,1.9203,0.5208,0.6321,0.3641,47.7322
TC02,technical,gemma3_4b,13,0,220,116.5226,2.0281,0.4931,0.5622,0.5835,38.2039
TC02,technical,gemma3_4b,13,1,220,124.6154,1.8802,0.5319,0.5875,0.5495,39.3555
TC02,technical,gemma3_4b,13,2,220,56.8131,1.1338,0.882,0.9177,0.1705,64.9458
TC02,technical,gemma3_4b,13,3,220,87.2058,2.1576,0.4635,0.5907,0.3098,42.8581
TC02,technical,gemma3_4b,13,4,220,68.2437,1.4615,0.6842,0.8176,0.1729,62.9534
TC02,technical,gemma3_4b,13,5,220,46.6125,1.1715,0.8536,0.93,0.1312,70.6028
TC02,technical,gemma3_4b,13,6,220,136.6871,1.4539,0.6878,0.7275,0.4134,53.0208
TC02,technical,gemma3_4b,13,7,220,166.4487,1.9863,0.5034,0.5615,0.4207,47.1465
TC02,technical,gemma3_4b,14,0,220,98.1243,1.483,0.6743,0.7215,0.3989,48.7328
TC02,technical,gemma3_4b,14,1,220,83.8702,1.3602,0.7352,0.7959,0.3138,55.7116
TC02,technical,gemma3_4b,14,2,220,114.0496,2.022,0.4946,0.6183,0.358,43.5555
TC02,technical,gemma3_4b,14,3,220,122.4189,3.532,0.2831,0.4302,0.3857,44.1629
TC02,technical,gemma3_4b,14,4,220,107.1373,2.1756,0.4596,0.555,0.4926,39.7681
TC02,technical,gemma3_4b,14,5,220,79.2476,2.5108,0.3983,0.5287,0.4926,39.2442
TC02,technical,gemma3_4b,14,6,220,100.7121,4.4983,0.2223,0.4426,0.3682,31.9654
TC02,technical,gemma3_4b,14,7,220,214.2754,24.7834,0.0403,0.0739,0.7263,18.5497
TC02,technical,gemma3_4b,15,0,220,70.3206,1.1755,0.8507,0.9025,0.2169,62.1669
TC02,technical,gemma3_4b,15,1,220,65.2246,1.2123,0.8249,0.8867,0.2415,63.3111
TC02,technical,gemma3_4b,15,2,220,46.8678,1.0648,0.9392,0.9587,0.185,65.9227
TC02,technical,gemma3_4b,15,3,220,94.1704,1.4809,0.6753,0.733,0.3907,51.6659
TC02,technical,gemma3_4b,15,4,220,57.0019,1.161,0.8614,0.9205,0.2104,70.1088
TC02,technical,gemma3_4b,15,5,220,64.1762,1.3686,0.7307,0.8386,0.206,65.0719
TC02,technical,gemma3_4b,15,6,220,59.3096,1.1726,0.8528,0.9146,0.1831,64.3837
TC02,technical,gemma3_4b,15,7,220,73.4139,1.2999,0.7693,0.8485,0.2241,59.5718
TC02,technical,gemma3_4b,16,0,220,151.385,2.4861,0.4022,0.4578,0.6451,35.9304
TC02,technical,gemma3_4b,16,1,220,111.9351,1.499,0.6671,0.7322,0.3494,47.7938
TC02,technical,gemma3_4b,16,2,220,80.371,1.2947,0.7724,0.8314,0.3037,46.9763
TC02,technical,gemma3_4b,16,3,220,77.1277,1.3086,0.7642,0.8519,0.3068,54.5834
TC02,technical,gemma3_4b,16,4,220,72.2621,1.5657,0.6387,0.7532,0.3473,46.9722
TC02,technical,gemma3_4b,16,5,220,100.953,1.5931,0.6277,0.7021,0.3731,44.0284
TC02,technical,gemma3_4b,16,6,220,70.7622,3.2978,0.3032,0.5721,0.2473,41.5332
TC02,technical,gemma3_4b,16,7,220,98.3484,4.1513,0.2409,0.4752,0.3457,39.4247
TC02,technical,gemma3_4b,17,0,220,106.5042,2.9499,0.339,0.61,0.272,57.3642
TC02,technical,gemma3_4b,17,1,220,106.7372,1.3114,0.7625,0.8422,0.211,61.674
TC02,technical,gemma3_4b,17,2,220,71.1208,1.3419,0.7452,0.8503,0.1816,68.7262
TC02,technical,gemma3_4b,17,3,220,111.7685,1.5681,0.6377,0.7397,0.2961,61.862
TC02,technical,gemma3_4b,17,4,220,39.7821,1.1183,0.8942,0.9455,0.1437,77.3771
TC02,technical,gemma3_4b,17,5,220,21.4823,1.0613,0.9423,0.9695,0.1017,92.4678
TC02,technical,gemma3_4b,17,6,220,35.118,1.0583,0.945,0.9702,0.0899,82.0744
TC02,technical,gemma3_4b,17,7,220,30.834,1.0589,0.9444,0.9739,0.1125,75.4721
TC02,technical,gemma3_4b,18,0,220,70.5287,1.1694,0.8552,0.8912,0.2874,68.0498
TC02,technical,gemma3_4b,18,1,220,69.1053,1.3008,0.7688,0.8266,0.2429,60.7343
TC02,technical,gemma3_4b,18,2,220,115.7863,1.4705,0.68,0.7416,0.3469,51.6907
TC02,technical,gemma3_4b,18,3,220,118.7749,2.1428,0.4667,0.5469,0.4805,38.2416
TC02,technical,gemma3_4b,18,4,220,108.2999,1.4241,0.7022,0.7508,0.4367,54.0323
TC02,technical,gemma3_4b,18,5,220,82.2378,1.1819,0.8461,0.8717,0.3546,61.6508
TC02,technical,gemma3_4b,18,6,220,123.1939,2.687,0.3722,0.4908,0.5109,32.9002
TC02,technical,gemma3_4b,18,7,220,112.4428,5.1932,0.1926,0.3217,0.6187,24.248
TC02,technical,gemma3_4b,19,0,220,87.0699,1.1523,0.8678,0.89,0.2905,61.701
TC02,technical,gemma3_4b,19,1,220,47.6562,1.087,0.92,0.9489,0.189,76.7958
TC02,technical,gemma3_4b,19,2,220,99.4961,1.3652,0.7325,0.7719,0.44,48.1153
TC02,technical,gemma3_4b,19,3,220,53.9601,1.2554,0.7966,0.852,0.2584,56.6159
TC02,technical,gemma3_4b,19,4,220,131.2088,2.3788,0.4204,0.565,0.3838,42.3633
TC02,technical,gemma3_4b,19,5,220,129.0328,5.0055,0.1998,0.3717,0.4363,35.5187
TC02,technical,gemma3_4b,19,6,220,69.9049,1.4273,0.7006,0.806,0.3791,60.999
TC02,technical,gemma3_4b,19,7,220,70.2851,1.1188,0.8938,0.9297,0.1529,82.3555
TC02,technical,gemma3_4b,20,0,220,49.2046,1.0897,0.9177,0.9467,0.1962,70.1693
TC02,technical,gemma3_4b,20,1,220,81.9896,1.325,0.7547,0.8332,0.2745,53.2554
TC02,technical,gemma3_4b,20,2,220,68.4356,1.262,0.7924,0.8394,0.3075,58.3967
TC02,technical,gemma3_4b,20,3,220,35.2775,1.0347,0.9665,0.9772,0.1591,79.0512
TC02,technical,gemma3_4b,20,4,220,77.5008,1.3575,0.7367,0.7922,0.3993,51.3451
TC02,technical,gemma3_4b,20,5,220,86.4393,1.4823,0.6746,0.7341,0.4719,52.9578
TC02,technical,gemma3_4b,20,6,220,167.786,1.8818,0.5314,0.5791,0.4414,46.8226
TC02,technical,gemma3_4b,20,7,220,130.6781,2.7213,0.3675,0.4666,0.5556,30.4002
TC02,technical,gemma3_4b,21,0,220,67.6567,1.2394,0.8068,0.8795,0.2232,64.8665
TC02,technical,gemma3_4b,21,1,220,15.5084,1.0198,0.9805,0.9928,0.0929,96.1899
TC02,technical,gemma3_4b,21,2,220,49.7205,1.2033,0.831,0.9236,0.1275,67.4495
TC02,technical,gemma3_4b,21,3,220,117.2582,1.6177,0.6182,0.6539,0.5271,49.7681
TC02,technical,gemma3_4b,21,4,220,79.0422,1.3321,0.7507,0.8058,0.3888,60.5114
TC02,technical,gemma3_4b,21,5,220,34.8325,1.0443,0.9575,0.9726,0.1947,87.1725
TC02,technical,gemma3_4b,21,6,220,33.9619,1.0658,0.9382,0.971,0.1024,86.4649
TC02,technical,gemma3_4b,21,7,220,61.0636,1.082,0.9242,0.9425,0.2127,72.8788
TC02,technical,gemma3_4b,22,0,220,100.5119,1.1791,0.8481,0.8714,0.3548,62.9403
TC02,technical,gemma3_4b,22,1,220,155.8794,1.5565,0.6425,0.6666,0.4853,57.4056
TC02,technical,gemma3_4b,22,2,220,164.6261,1.9101,0.5235,0.5713,0.477,44.3352
TC02,technical,gemma3_4b,22,3,220,135.9478,1.8612,0.5373,0.5981,0.553,44.5676
TC02,technical,gemma3_4b,22,4,220,163.9588,1.6471,0.6071,0.6543,0.3669,52.4364
TC02,technical,gemma3_4b,22,5,220,105.0459,2.1984,0.4549,0.6721,0.3123,48.9574
TC02,technical,gemma3_4b,22,6,220,106.3335,1.6182,0.618,0.6963,0.3174,55.1852
TC02,technical,gemma3_4b,22,7,220,123.872,1.7106,0.5846,0.6916,0.3058,54.0103
TC02,technical,gemma3_4b,23,0,220,25.8967,1.037,0.9643,0.9832,0.093,89.3634
TC02,technical,gemma3_4b,23,1,220,30.1532,1.0851,0.9216,0.9586,0.0726,91.4137
TC02,technical,gemma3_4b,23,2,220,83.3087,1.3108,0.7629,0.8264,0.2322,59.9909
TC02,technical,gemma3_4b,23,3,220,57.1797,1.1539,0.8667,0.9219,0.1464,76.4981
TC02,technical,gemma3_4b,23,4,220,10.4567,1.0077,0.9924,0.9962,0.0675,93.6079
TC02,technical,gemma3_4b,23,5,220,46.7136,1.0583,0.9449,0.9593,0.2305,79.202
TC02,technical,gemma3_4b,23,6,220,18.2642,1.0361,0.9651,0.99,0.0917,94.8884
TC02,technical,gemma3_4b,23,7,220,12.8409,1.024,0.9766,0.9954,0.0789,98.047
TC02,technical,gemma3_4b,24,0,220,40.3388,1.1076,0.9029,0.9623,0.1525,69.4465
TC02,technical,gemma3_4b,24,1,220,47.6864,1.0974,0.9113,0.9561,0.1839,70.6761
TC02,technical,gemma3_4b,24,2,220,30.2784,1.0713,0.9334,0.9599,0.0971,87.142
TC02,technical,gemma3_4b,24,3,220,17.3007,1.0603,0.9431,0.9797,0.0818,89.0974
TC02,technical,gemma3_4b,24,4,220,80.4168,1.2193,0.8201,0.8819,0.2688,64.9023
TC02,technical,gemma3_4b,24,5,220,60.5343,1.0703,0.9343,0.9515,0.2221,70.0924
TC02,technical,gemma3_4b,24,6,220,96.1,1.2166,0.822,0.8551,0.3373,63.8885
TC02,technical,gemma3_4b,24,7,220,33.2846,1.0182,0.9821,0.9882,0.1359,90.4779
TC02,technical,gemma3_4b,25,0,220,34.3608,1.0633,0.9405,0.9646,0.1028,84.0048
TC02,technical,gemma3_4b,25,1,220,26.1315,1.0687,0.9357,0.9688,0.117,80.5297
TC02,technical,gemma3_4b,25,2,220,43.612,1.0297,0.9712,0.9785,0.1714,79.3766
TC02,technical,gemma3_4b,25,3,220,111.607,1.5215,0.6572,0.7135,0.4287,50.4103
TC02,technical,gemma3_4b,25,4,220,75.277,1.1654,0.8581,0.9046,0.2111,78.2023
TC02,technical,gemma3_4b,25,5,220,38.9726,1.0394,0.9621,0.9704,0.1612,84.2861
TC02,technical,gemma3_4b,25,6,220,32.4065,1.0366,0.9647,0.9749,0.1755,90.1419
TC02,technical,gemma3_4b,25,7,220,29.193,1.0458,0.9562,0.9698,0.167,91.7568
TC02,technical,gemma3_4b,26,0,220,11.6102,1.0069,0.9931,0.9957,0.0757,94.6029
TC02,technical,gemma3_4b,26,1,220,10.6449,1.0075,0.9926,0.9957,0.0704,96.8451
TC02,technical,gemma3_4b,26,2,220,8.3816,1.0082,0.9918,0.9972,0.0762,99.7998
TC02,technical,gemma3_4b,26,3,220,86.3529,1.1836,0.8449,0.8772,0.2701,70.4685
TC02,technical,gemma3_4b,26,4,220,11.7882,1.0176,0.9827,0.9941,0.0626,96.8629
TC02,technical,gemma3_4b,26,5,220,20.4484,1.0444,0.9575,0.9795,0.0736,90.9916
TC02,technical,gemma3_4b,26,6,220,11.2025,1.0349,0.9663,0.9893,0.0708,89.3882
TC02,technical,gemma3_4b,26,7,220,54.1531,1.0671,0.9371,0.9545,0.2044,68.4107
TC02,technical,gemma3_4b,27,0,220,8.0822,1.0019,0.9981,0.9987,0.0625,104.7219
TC02,technical,gemma3_4b,27,1,220,138.052,1.9605,0.5101,0.5798,0.4368,47.032
TC02,technical,gemma3_4b,27,2,220,18.4176,1.1101,0.9008,0.9547,0.1439,80.1562
TC02,technical,gemma3_4b,27,3,220,57.8372,1.0715,0.9333,0.9427,0.2019,89.4197
TC02,technical,gemma3_4b,27,4,220,10.241,1.0119,0.9882,0.996,0.0809,102.8016
TC02,technical,gemma3_4b,27,5,220,82.3701,1.0941,0.914,0.9292,0.2617,84.3548
TC02,technical,gemma3_4b,27,6,220,57.5856,1.0606,0.9429,0.9576,0.1691,77.7938
TC02,technical,gemma3_4b,27,7,220,75.4583,1.1309,0.8842,0.9135,0.2436,67.8973
TC02,technical,gemma3_4b,28,0,220,136.68,1.7246,0.5798,0.6389,0.4112,52.2026
TC02,technical,gemma3_4b,28,1,220,6.496,1.005,0.995,0.9982,0.0632,100.272
TC02,technical,gemma3_4b,28,2,220,110.8564,1.1523,0.8679,0.8793,0.3477,72.9737
TC02,technical,gemma3_4b,28,3,220,79.5851,1.1077,0.9028,0.916,0.2871,80.9347
TC02,technical,gemma3_4b,28,4,220,32.9854,1.0722,0.9327,0.9515,0.181,86.113
TC02,technical,gemma3_4b,28,5,220,35.7184,1.0503,0.9521,0.9646,0.1713,82.653
TC02,technical,gemma3_4b,28,6,220,3.0431,1.0006,0.9994,0.9996,0.0467,103.5632
TC02,technical,gemma3_4b,28,7,220,3.142,1.0011,0.9989,0.9996,0.0471,103.0641
TC02,technical,gemma3_4b,29,0,220,15.2778,1.0227,0.9778,0.9919,0.0703,90.8404
TC02,technical,gemma3_4b,29,1,220,12.6544,1.0428,0.959,0.9894,0.0588,92.2078
TC02,technical,gemma3_4b,29,2,220,7.8087,1.014,0.9862,0.9975,0.0598,96.6585
TC02,technical,gemma3_4b,29,3,220,8.4283,1.0072,0.9928,0.997,0.0565,98.554
TC02,technical,gemma3_4b,29,4,220,14.8274,1.0164,0.9839,0.992,0.0704,94.3855
TC02,technical,gemma3_4b,29,5,220,14.6887,1.0129,0.9873,0.9924,0.0724,93.0571
TC02,technical,gemma3_4b,29,6,220,4.6822,1.002,0.998,0.999,0.0567,106.3291
TC02,technical,gemma3_4b,29,7,220,7.7578,1.0033,0.9967,0.9985,0.0877,99.9138
TC02,technical,gemma3_4b,30,0,220,7.758,1.005,0.9951,0.9978,0.0674,97.5842
TC02,technical,gemma3_4b,30,1,220,37.6086,1.0622,0.9415,0.9604,0.1787,80.0752
TC02,technical,gemma3_4b,30,2,220,15.5125,1.0149,0.9854,0.9939,0.0835,93.6783
TC02,technical,gemma3_4b,30,3,220,22.7209,1.0281,0.9727,0.9878,0.1023,90.1216
TC02,technical,gemma3_4b,30,4,220,55.3742,1.072,0.9329,0.9498,0.2056,75.0683
TC02,technical,gemma3_4b,30,5,220,19.2648,1.0117,0.9884,0.993,0.0944,87.3867
TC02,technical,gemma3_4b,30,6,220,26.4582,1.0157,0.9845,0.9886,0.1216,84.2002
TC02,technical,gemma3_4b,30,7,220,22.2268,1.0135,0.9866,0.9914,0.1083,85.7074
TC02,technical,gemma3_4b,31,0,220,13.4345,1.0094,0.9907,0.9959,0.1139,96.675
TC02,technical,gemma3_4b,31,1,220,2.2865,1.0003,0.9997,0.9998,0.0437,105.8854
TC02,technical,gemma3_4b,31,2,220,112.4492,1.1542,0.8664,0.8883,0.2776,71.2101
TC02,technical,gemma3_4b,31,3,220,152.2284,1.9697,0.5077,0.5756,0.4773,44.1366
TC02,technical,gemma3_4b,31,4,220,122.4737,1.2197,0.8199,0.8363,0.2921,67.596
TC02,technical,gemma3_4b,31,5,220,144.8708,2.2854,0.4376,0.5507,0.3957,41.7211
TC02,technical,gemma3_4b,31,6,220,79.867,1.0639,0.94,0.9501,0.2099,77.2542
TC02,technical,gemma3_4b,31,7,220,160.3819,2.4307,0.4114,0.4916,0.4592,41.8647
TC02,technical,gemma3_4b,32,0,220,26.3547,1.0425,0.9592,0.9715,0.1514,88.8776
TC02,technical,gemma3_4b,32,1,220,17.879,1.0165,0.9838,0.9898,0.0997,90.4221
TC02,technical,gemma3_4b,32,2,220,180.267,2.9918,0.3343,0.3624,0.5967,41.2394
TC02,technical,gemma3_4b,32,3,220,66.0438,1.0833,0.9231,0.9411,0.2143,80.1265
TC02,technical,gemma3_4b,32,4,220,13.0136,1.0126,0.9876,0.994,0.0958,100.7964
TC02,technical,gemma3_4b,32,5,220,47.9319,1.0388,0.9626,0.9744,0.2123,83.1833
TC02,technical,gemma3_4b,32,6,220,108.9221,1.2364,0.8088,0.8337,0.3927,62.6935
TC02,technical,gemma3_4b,32,7,220,28.3233,1.0182,0.9821,0.9868,0.1279,95.8471
TC02,technical,gemma3_4b,33,0,220,50.1131,1.0938,0.9143,0.9671,0.1819,70.7386
TC02,technical,gemma3_4b,33,1,220,12.2569,1.0188,0.9815,0.9969,0.0982,93.5399
TC02,technical,gemma3_4b,33,2,220,162.9971,1.6766,0.5964,0.636,0.5161,51.4746
TC02,technical,gemma3_4b,33,3,220,112.9421,1.1416,0.876,0.8999,0.2827,70.9974
TC02,technical,gemma3_4b,33,4,220,32.7087,1.0124,0.9878,0.9904,0.1297,91.0113
TC02,technical,gemma3_4b,33,5,220,191.3659,9.3526,0.1069,0.1629,0.7117,21.9779
TC02,technical,gemma3_4b,33,6,220,164.7552,5.3446,0.1871,0.2704,0.6507,24.3495
TC02,technical,gemma3_4b,33,7,220,219.3715,96.8944,0.0103,0.0303,0.9603,4.2807
TC08,technical,gemma3_4b,0,0,223,63.7926,1.4313,0.6986,0.7987,0.1713,53.404
TC08,technical,gemma3_4b,0,1,223,94.5095,1.8098,0.5525,0.6403,0.1481,51.1446
TC08,technical,gemma3_4b,0,2,223,109.7308,2.6138,0.3826,0.5009,0.3648,25.0016
TC08,technical,gemma3_4b,0,3,223,47.7626,1.6456,0.6077,0.8307,0.1308,48.3781
TC08,technical,gemma3_4b,0,4,223,183.2869,38.7871,0.0258,0.0902,0.9321,2.6872
TC08,technical,gemma3_4b,0,5,223,94.8367,5.6857,0.1759,0.4083,0.3094,27.2705
TC08,technical,gemma3_4b,0,6,223,114.6657,1.7607,0.568,0.6013,0.411,56.043
TC08,technical,gemma3_4b,0,7,223,83.4369,1.3497,0.7409,0.7759,0.2969,68.0691
TC08,technical,gemma3_4b,1,0,223,50.0351,1.1053,0.9048,0.9299,0.1895,82.6199
TC08,technical,gemma3_4b,1,1,223,62.9555,1.2523,0.7985,0.8273,0.2622,73.2497
TC08,technical,gemma3_4b,1,2,223,69.5727,1.3203,0.7574,0.8699,0.1809,53.3172
TC08,technical,gemma3_4b,1,3,223,29.1059,1.0501,0.9523,0.9818,0.1069,68.3427
TC08,technical,gemma3_4b,1,4,223,115.3762,3.0339,0.3296,0.4372,0.4617,31.0917
TC08,technical,gemma3_4b,1,5,223,43.9036,1.1586,0.8631,0.9095,0.0525,85.6009
TC08,technical,gemma3_4b,1,6,223,32.6768,1.0963,0.9121,0.9491,0.1378,72.0233
TC08,technical,gemma3_4b,1,7,223,36.4605,1.1338,0.882,0.9166,0.1538,81.1831
TC08,technical,gemma3_4b,2,0,223,26.7974,1.0532,0.9495,0.9695,0.1338,94.6496
TC08,technical,gemma3_4b,2,1,223,69.5677,1.3041,0.7668,0.8189,0.2703,65.9066
TC08,technical,gemma3_4b,2,2,223,154.0674,2.4151,0.4141,0.4513,0.6051,44.1458
TC08,technical,gemma3_4b,2,3,223,128.6603,1.8203,0.5494,0.5911,0.5312,52.2173
TC08,technical,gemma3_4b,2,4,223,156.7688,2.3169,0.4316,0.4963,0.3562,48.9536
TC08,technical,gemma3_4b,2,5,223,100.6026,1.8453,0.5419,0.6033,0.4353,51.7714
TC08,technical,gemma3_4b,2,6,223,88.7585,3.7087,0.2696,0.4464,0.5507,12.0903
TC08,technical,gemma3_4b,2,7,223,82.0767,1.407,0.7107,0.784,0.1293,47.9721
TC08,technical,gemma3_4b,3,0,223,85.8271,1.4018,0.7133,0.7684,0.3607,60.2792
TC08,technical,gemma3_4b,3,1,223,91.6635,1.5771,0.6341,0.6898,0.3373,53.7425
TC08,technical,gemma3_4b,3,2,223,85.8472,1.3869,0.721,0.7601,0.3919,59.7918
TC08,technical,gemma3_4b,3,3,223,98.9098,2.2499,0.4445,0.5286,0.5084,42.8559
TC08,technical,gemma3_4b,3,4,223,113.8205,1.8975,0.527,0.5834,0.539,45.8856
TC08,technical,gemma3_4b,3,5,223,105.8995,1.5919,0.6282,0.6902,0.384,43.5153
TC08,technical,gemma3_4b,3,6,223,76.3056,2.0534,0.487,0.6051,0.3926,43.6015
TC08,technical,gemma3_4b,3,7,223,86.0171,1.3696,0.7301,0.7644,0.3171,63.1868
TC08,technical,gemma3_4b,4,0,223,86.5891,1.5874,0.63,0.7796,0.221,42.1962
TC08,technical,gemma3_4b,4,1,223,94.5658,3.5117,0.2848,0.4821,0.366,30.6146
TC08,technical,gemma3_4b,4,2,223,60.0706,1.2314,0.8121,0.8578,0.0562,80.4829
TC08,technical,gemma3_4b,4,3,223,110.7757,1.7668,0.566,0.6334,0.3608,44.6346
TC08,technical,gemma3_4b,4,4,223,71.1864,2.9708,0.3366,0.5475,0.3732,20.9288
TC08,technical,gemma3_4b,4,5,223,119.1918,3.4812,0.2873,0.3753,0.6839,21.6686
TC08,technical,gemma3_4b,4,6,223,214.5463,65.8156,0.0152,0.0544,0.9106,6.1366
TC08,technical,gemma3_4b,4,7,223,40.6373,1.3564,0.7373,0.933,0.0964,59.6241
TC08,technical,gemma3_4b,5,0,223,77.4012,1.2426,0.8048,0.8482,0.1455,73.8242
TC08,technical,gemma3_4b,5,1,223,18.3099,1.031,0.9699,0.9882,0.0504,102.2545
TC08,technical,gemma3_4b,5,2,223,23.6909,1.0395,0.962,0.9813,0.0696,99.1409
TC08,technical,gemma3_4b,5,3,223,30.5055,1.1016,0.9078,0.9502,0.0454,96.6102
TC08,technical,gemma3_4b,5,4,223,111.1231,2.1081,0.4744,0.5624,0.4871,37.2198
TC08,technical,gemma3_4b,5,5,223,35.7757,1.0506,0.9518,0.9732,0.0913,75.8196
TC08,technical,gemma3_4b,5,6,223,72.1226,1.4025,0.713,0.8668,0.1288,64.8066
TC08,technical,gemma3_4b,5,7,223,50.8219,1.2363,0.8089,0.904,0.1662,68.9419
TC08,technical,gemma3_4b,6,0,223,54.7059,1.128,0.8865,0.9196,0.1924,66.0698
TC08,technical,gemma3_4b,6,1,223,94.6843,1.5368,0.6507,0.7166,0.3902,49.58
TC08,technical,gemma3_4b,6,2,223,74.246,1.5846,0.6311,0.7736,0.2368,57.0245
TC08,technical,gemma3_4b,6,3,223,67.3856,1.3599,0.7353,0.8614,0.1983,58.5724
TC08,technical,gemma3_4b,6,4,223,52.8663,1.0937,0.9143,0.9395,0.0809,79.6449
TC08,technical,gemma3_4b,6,5,223,36.7628,1.0581,0.9451,0.9709,0.1408,64.2422
TC08,technical,gemma3_4b,6,6,223,100.8303,1.8222,0.5488,0.6386,0.4342,44.6533
TC08,technical,gemma3_4b,6,7,223,140.1809,1.4141,0.7072,0.7463,0.3813,50.7592
TC08,technical,gemma3_4b,7,0,223,155.1856,1.9539,0.5118,0.551,0.5906,43.6368
TC08,technical,gemma3_4b,7,1,223,154.1439,2.273,0.44,0.4934,0.6088,40.8599
TC08,technical,gemma3_4b,7,2,223,69.7649,2.0494,0.4879,0.6017,0.4176,41.0973
TC08,technical,gemma3_4b,7,3,223,103.215,1.5212,0.6574,0.7148,0.4291,48.3698
TC08,technical,gemma3_4b,7,4,223,62.188,1.7654,0.5664,0.8006,0.1701,52.5073
TC08,technical,gemma3_4b,7,5,223,80.4575,2.5815,0.3874,0.5244,0.453,39.7528
TC08,technical,gemma3_4b,7,6,223,78.7874,1.3924,0.7182,0.7975,0.2149,47.1285
TC08,technical,gemma3_4b,7,7,223,105.9115,2.7301,0.3663,0.4962,0.2466,40.9483
TC08,technical,gemma3_4b,8,0,223,108.6482,1.6001,0.625,0.684,0.417,45.1392
TC08,technical,gemma3_4b,8,1,223,142.3287,1.6156,0.619,0.6753,0.3568,52.0755
TC08,technical,gemma3_4b,8,2,223,101.5579,1.4619,0.684,0.729,0.4614,50.6994
TC08,technical,gemma3_4b,8,3,223,66.6871,1.1474,0.8715,0.8963,0.3149,68.1056
TC08,technical,gemma3_4b,8,4,223,86.547,1.8225,0.5487,0.6918,0.2729,46.3595
TC08,technical,gemma3_4b,8,5,223,94.5749,1.9383,0.5159,0.6122,0.3825,43.8963
TC08,technical,gemma3_4b,8,6,223,83.2233,1.6029,0.6239,0.7437,0.3356,35.724
TC08,technical,gemma3_4b,8,7,223,98.6258,1.9191,0.5211,0.6033,0.4945,42.1972
TC08,technical,gemma3_4b,9,0,223,94.1873,1.9047,0.525,0.6328,0.3322,45.5735
TC08,technical,gemma3_4b,9,1,223,94.5453,1.3976,0.7155,0.7762,0.3707,51.4678
TC08,technical,gemma3_4b,9,2,223,54.0411,1.3092,0.7638,0.8976,0.1226,62.0246
TC08,technical,gemma3_4b,9,3,223,85.9852,1.7628,0.5673,0.7259,0.1872,59.7971
TC08,technical,gemma3_4b,9,4,223,67.8558,1.4204,0.7041,0.8097,0.1991,58.2276
TC08,technical,gemma3_4b,9,5,223,86.4448,2.6983,0.3706,0.6221,0.2784,44.6907
TC08,technical,gemma3_4b,9,6,223,49.3018,1.0878,0.9193,0.9431,0.138,62.6916
TC08,technical,gemma3_4b,9,7,223,86.3276,1.5624,0.64,0.7159,0.2207,55.0511
TC08,technical,gemma3_4b,10,0,223,102.7471,2.3583,0.424,0.5195,0.5018,33.9473
TC08,technical,gemma3_4b,10,1,223,172.5694,3.1191,0.3206,0.367,0.6677,36.7984
TC08,technical,gemma3_4b,10,2,223,58.3326,1.1735,0.8521,0.9248,0.1557,60.6891
TC08,technical,gemma3_4b,10,3,223,69.2533,1.2336,0.8107,0.8799,0.2125,56.264
TC08,technical,gemma3_4b,10,4,223,45.7464,1.1371,0.8794,0.9292,0.1906,60.5223
TC08,technical,gemma3_4b,10,5,223,100.2601,1.2622,0.7923,0.8533,0.276,54.4393
TC08,technical,gemma3_4b,10,6,223,87.6718,1.5933,0.6276,0.7223,0.3787,45.3243
TC08,technical,gemma3_4b,10,7,223,68.6393,1.3076,0.7648,0.8291,0.2745,55.7736
TC08,technical,gemma3_4b,11,0,223,59.988,1.1818,0.8462,0.9221,0.1542,66.6045
TC08,technical,gemma3_4b,11,1,223,28.7015,1.0466,0.9554,0.9752,0.1272,85.5275
TC08,technical,gemma3_4b,11,2,223,131.1914,1.7101,0.5847,0.6751,0.2974,63.5948
TC08,technical,gemma3_4b,11,3,223,71.8997,1.1581,0.8635,0.9252,0.1609,72.0579
TC08,technical,gemma3_4b,11,4,223,86.1489,1.61,0.6211,0.7314,0.1616,66.7497
TC08,technical,gemma3_4b,11,5,223,17.2032,1.0425,0.9593,0.9798,0.0565,101.745
TC08,technical,gemma3_4b,11,6,223,80.5332,4.0097,0.2494,0.5839,0.2078,56.1381
TC08,technical,gemma3_4b,11,7,223,82.2602,2.1685,0.4612,0.702,0.2109,61.4826
TC08,technical,gemma3_4b,12,0,223,62.824,1.2014,0.8324,0.8858,0.1686,64.1641
TC08,technical,gemma3_4b,12,1,223,67.0267,1.3929,0.7179,0.8394,0.1001,66.3044
TC08,technical,gemma3_4b,12,2,223,122.9175,4.6107,0.2169,0.3392,0.5545,24.1499
TC08,technical,gemma3_4b,12,3,223,83.5019,1.6778,0.596,0.7255,0.2538,42.5168
TC08,technical,gemma3_4b,12,4,223,83.9474,2.3014,0.4345,0.6072,0.3401,39.6118
TC08,technical,gemma3_4b,12,5,223,111.2704,1.5775,0.6339,0.7202,0.326,53.3364
TC08,technical,gemma3_4b,12,6,223,97.0598,1.9769,0.5058,0.6382,0.3112,44.1366
TC08,technical,gemma3_4b,12,7,223,85.8524,1.9565,0.5111,0.6225,0.3757,46.6898
TC08,technical,gemma3_4b,13,0,223,124.8503,2.1879,0.4571,0.5266,0.6081,36.5983
TC08,technical,gemma3_4b,13,1,223,127.7495,2.1113,0.4736,0.5371,0.58,37.0718
TC08,technical,gemma3_4b,13,2,223,57.256,1.1327,0.8828,0.9248,0.1678,67.6515
TC08,technical,gemma3_4b,13,3,223,93.1467,2.2163,0.4512,0.5791,0.3342,42.6311
TC08,technical,gemma3_4b,13,4,223,70.3975,1.4598,0.685,0.8142,0.1911,60.5619
TC08,technical,gemma3_4b,13,5,223,47.067,1.1442,0.8739,0.9355,0.1377,69.3368
TC08,technical,gemma3_4b,13,6,223,140.5412,1.4773,0.6769,0.7179,0.423,53.9896
TC08,technical,gemma3_4b,13,7,223,162.1666,1.728,0.5787,0.6242,0.3994,49.9795
TC08,technical,gemma3_4b,14,0,223,93.7841,1.426,0.7013,0.7569,0.3981,50.9496
TC08,technical,gemma3_4b,14,1,223,75.471,1.3013,0.7685,0.8412,0.2975,56.0442
TC08,technical,gemma3_4b,14,2,223,110.4949,1.942,0.5149,0.6434,0.3497,44.4565
TC08,technical,gemma3_4b,14,3,223,120.6861,3.4449,0.2903,0.4364,0.3948,42.8822
TC08,technical,gemma3_4b,14,4,223,112.1479,2.0917,0.4781,0.5527,0.4945,40.5987
TC08,technical,gemma3_4b,14,5,223,79.9164,2.1938,0.4558,0.5737,0.4671,42.357
TC08,technical,gemma3_4b,14,6,223,101.6966,4.4785,0.2233,0.4589,0.369,29.4827
TC08,technical,gemma3_4b,14,7,223,217.8595,23.2055,0.0431,0.0766,0.7193,19.1924
TC08,technical,gemma3_4b,15,0,223,67.4902,1.1406,0.8768,0.9135,0.218,64.0128
TC08,technical,gemma3_4b,15,1,223,66.4832,1.24,0.8064,0.8715,0.2489,63.8422
TC08,technical,gemma3_4b,15,2,223,47.9489,1.0594,0.9439,0.9603,0.1905,66.1989
TC08,technical,gemma3_4b,15,3,223,93.4531,1.5682,0.6377,0.7098,0.3955,48.9319
TC08,technical,gemma3_4b,15,4,223,57.2636,1.1816,0.8463,0.9238,0.2134,68.96
TC08,technical,gemma3_4b,15,5,223,65.051,1.2693,0.7878,0.8667,0.2202,65.2669
TC08,technical,gemma3_4b,15,6,223,67.5684,1.2481,0.8012,0.8796,0.2122,61.9557
TC08,technical,gemma3_4b,15,7,223,78.6673,1.4016,0.7135,0.8134,0.2601,56.3957
TC08,technical,gemma3_4b,16,0,223,156.3666,2.5739,0.3885,0.4458,0.648,35.7428
TC08,technical,gemma3_4b,16,1,223,115.1082,1.6832,0.5941,0.6842,0.3681,46.6398
TC08,technical,gemma3_4b,16,2,223,80.3837,1.3068,0.7653,0.8225,0.2973,48.5686
TC08,technical,gemma3_4b,16,3,223,83.9191,1.3426,0.7448,0.8073,0.3256,52.4901
TC08,technical,gemma3_4b,16,4,223,77.8012,1.5151,0.66,0.7614,0.3324,48.8822
TC08,technical,gemma3_4b,16,5,223,104.8616,1.5917,0.6283,0.697,0.3825,44.7169
TC08,technical,gemma3_4b,16,6,223,66.4227,2.6696,0.3746,0.6455,0.2162,47.7258
TC08,technical,gemma3_4b,16,7,223,106.191,2.8803,0.3472,0.5408,0.3352,41.3382
TC08,technical,gemma3_4b,17,0,223,104.9034,2.7341,0.3657,0.6065,0.2801,58.1043
TC08,technical,gemma3_4b,17,1,223,97.9205,1.261,0.7931,0.8602,0.2034,64.1796
TC08,technical,gemma3_4b,17,2,223,75.91,1.3908,0.719,0.8145,0.1908,66.2503
TC08,technical,gemma3_4b,17,3,223,124.4966,1.839,0.5438,0.6392,0.3307,61.9382
TC08,technical,gemma3_4b,17,4,223,36.1239,1.089,0.9183,0.9602,0.137,82.9259
TC08,technical,gemma3_4b,17,5,223,18.2889,1.0416,0.9601,0.9821,0.0925,96.4833
TC08,technical,gemma3_4b,17,6,223,26.4484,1.0378,0.9636,0.9836,0.0703,87.6125
TC08,technical,gemma3_4b,17,7,223,29.3787,1.0546,0.9482,0.9758,0.1064,76.5302
TC08,technical,gemma3_4b,18,0,223,79.4727,1.2575,0.7952,0.8475,0.3479,64.6786
TC08,technical,gemma3_4b,18,1,223,62.7149,1.256,0.7961,0.8506,0.216,69.5133
TC08,technical,gemma3_4b,18,2,223,113.2416,1.4772,0.6769,0.7429,0.3574,53.1483
TC08,technical,gemma3_4b,18,3,223,119.6997,2.648,0.3776,0.485,0.5123,34.0067
TC08,technical,gemma3_4b,18,4,223,110.6099,1.4488,0.6902,0.7374,0.4394,56.6917
TC08,technical,gemma3_4b,18,5,223,81.7591,1.1713,0.8538,0.8772,0.3504,62.2706
TC08,technical,gemma3_4b,18,6,223,122.5614,2.9335,0.3409,0.465,0.5246,30.6087
TC08,technical,gemma3_4b,18,7,223,112.63,5.2867,0.1892,0.366,0.5973,23.8814
TC08,technical,gemma3_4b,19,0,223,87.422,1.2147,0.8232,0.8612,0.3137,59.0814
TC08,technical,gemma3_4b,19,1,223,59.5213,1.1048,0.9052,0.9319,0.2251,75.228
TC08,technical,gemma3_4b,19,2,223,104.3183,1.4075,0.7105,0.7506,0.4612,47.0443
TC08,technical,gemma3_4b,19,3,223,50.8381,1.2368,0.8085,0.8661,0.243,59.3462
TC08,technical,gemma3_4b,19,4,223,128.8373,2.1202,0.4717,0.5962,0.3624,46.2912
TC08,technical,gemma3_4b,19,5,223,133.3136,4.446,0.2249,0.3714,0.4463,36.3464
TC08,technical,gemma3_4b,19,6,223,72.3976,1.4763,0.6774,0.7767,0.4082,59.596
TC08,technical,gemma3_4b,19,7,223,75.3429,1.1279,0.8866,0.9204,0.1621,82.6097
TC08,technical,gemma3_4b,20,0,223,41.1484,1.0606,0.9428,0.9648,0.172,75.9639
TC08,technical,gemma3_4b,20,1,223,84.5424,1.2715,0.7865,0.8479,0.2706,55.8549
TC08,technical,gemma3_4b,20,2,223,69.3652,1.2066,0.8288,0.8658,0.2899,60.7443
TC08,technical,gemma3_4b,20,3,223,47.6753,1.0622,0.9414,0.958,0.2044,73.0112
TC08,technical,gemma3_4b,20,4,223,78.7873,1.4305,0.699,0.7778,0.4035,48.4345
TC08,technical,gemma3_4b,20,5,223,84.7883,1.408,0.7102,0.7583,0.4573,58.1288
TC08,technical,gemma3_4b,20,6,223,168.7381,1.8626,0.5369,0.5857,0.4304,49.5415
TC08,technical,gemma3_4b,20,7,223,135.4251,3.1172,0.3208,0.4256,0.5958,28.5207
TC08,technical,gemma3_4b,21,0,223,72.0809,1.2116,0.8253,0.8855,0.2374,65.8222
TC08,technical,gemma3_4b,21,1,223,19.7495,1.0333,0.9678,0.9858,0.1116,95.0662
TC08,technical,gemma3_4b,21,2,223,46.994,1.1375,0.8791,0.9374,0.1126,73.5334
TC08,technical,gemma3_4b,21,3,223,118.5588,1.639,0.6101,0.6502,0.5363,49.2597
TC08,technical,gemma3_4b,21,4,223,79.1509,1.3376,0.7476,0.7989,0.4043,61.4742
TC08,technical,gemma3_4b,21,5,223,39.8767,1.0524,0.9502,0.9658,0.22,86.5649
TC08,technical,gemma3_4b,21,6,223,38.2325,1.0672,0.937,0.9624,0.1128,84.8629
TC08,technical,gemma3_4b,21,7,223,66.1831,1.1002,0.9089,0.9346,0.2323,71.7659
TC08,technical,gemma3_4b,22,0,223,100.9175,1.1654,0.858,0.8812,0.3386,65.864
TC08,technical,gemma3_4b,22,1,223,161.2948,1.6321,0.6127,0.6402,0.5068,57.0683
TC08,technical,gemma3_4b,22,2,223,162.2352,1.7327,0.5771,0.6146,0.4539,48.382
TC08,technical,gemma3_4b,22,3,223,136.159,1.9022,0.5257,0.5931,0.5667,46.962
TC08,technical,gemma3_4b,22,4,223,160.5033,1.5828,0.6318,0.6696,0.3522,55.1734
TC08,technical,gemma3_4b,22,5,223,111.8306,2.0706,0.483,0.6445,0.3212,49.6912
TC08,technical,gemma3_4b,22,6,223,100.5816,1.4746,0.6782,0.7477,0.3379,56.9371
TC08,technical,gemma3_4b,22,7,223,124.9987,1.5249,0.6558,0.7229,0.3058,56.5147
TC08,technical,gemma3_4b,23,0,223,27.397,1.0382,0.9632,0.9819,0.0954,90.7608
TC08,technical,gemma3_4b,23,1,223,31.2717,1.0779,0.9277,0.9613,0.0777,94.3347
TC08,technical,gemma3_4b,23,2,223,84.899,1.3329,0.7502,0.8241,0.231,63.3058
TC08,technical,gemma3_4b,23,3,223,57.6157,1.1221,0.8912,0.9345,0.1473,76.6233
TC08,technical,gemma3_4b,23,4,223,8.601,1.0058,0.9943,0.9973,0.058,96.3153
TC08,technical,gemma3_4b,23,5,223,56.5218,1.0685,0.9359,0.9492,0.2613,78.8469
TC08,technical,gemma3_4b,23,6,223,18.9131,1.0251,0.9755,0.9893,0.0985,94.8666
TC08,technical,gemma3_4b,23,7,223,14.745,1.0138,0.9864,0.9943,0.0788,99.2286
TC08,technical,gemma3_4b,24,0,223,43.276,1.1128,0.8987,0.957,0.1566,67.3746
TC08,technical,gemma3_4b,24,1,223,56.6646,1.1633,0.8596,0.9246,0.199,69.437
TC08,technical,gemma3_4b,24,2,223,29.816,1.0757,0.9297,0.957,0.1114,91.4088
TC08,technical,gemma3_4b,24,3,223,19.0502,1.0473,0.9549,0.9793,0.0825,93.782
TC08,technical,gemma3_4b,24,4,223,85.509,1.1704,0.8544,0.8887,0.276,63.355
TC08,technical,gemma3_4b,24,5,223,65.2601,1.0786,0.9271,0.9463,0.2208,71.5569
TC08,technical,gemma3_4b,24,6,223,101.2305,1.2579,0.795,0.8416,0.361,62.6241
TC08,technical,gemma3_4b,24,7,223,39.5111,1.0245,0.9761,0.9831,0.1444,89.3487
TC08,technical,gemma3_4b,25,0,223,33.2803,1.046,0.956,0.9704,0.0982,85.6647
TC08,technical,gemma3_4b,25,1,223,19.8099,1.0508,0.9517,0.9775,0.093,86.512
TC08,technical,gemma3_4b,25,2,223,46.0779,1.0459,0.9561,0.9719,0.1775,78.3897
TC08,technical,gemma3_4b,25,3,223,118.9067,1.5109,0.6618,0.7145,0.4369,51.8964
TC08,technical,gemma3_4b,25,4,223,84.4592,1.1755,0.8507,0.8907,0.2354,77.7167
TC08,technical,gemma3_4b,25,5,223,41.831,1.0588,0.9444,0.9646,0.1712,86.6698
TC08,technical,gemma3_4b,25,6,223,32.1727,1.0319,0.969,0.9809,0.1743,90.386
TC08,technical,gemma3_4b,25,7,223,36.5683,1.06,0.9434,0.9622,0.1938,89.9006
TC08,technical,gemma3_4b,26,0,223,13.9114,1.0086,0.9915,0.9948,0.0777,93.1845
TC08,technical,gemma3_4b,26,1,223,11.3342,1.0072,0.9928,0.9958,0.0683,96.8572
TC08,technical,gemma3_4b,26,2,223,13.8383,1.0199,0.9805,0.9934,0.1008,95.2969
TC08,technical,gemma3_4b,26,3,223,91.7086,1.2036,0.8308,0.8631,0.2914,70.0355
TC08,technical,gemma3_4b,26,4,223,13.0253,1.0157,0.9845,0.9935,0.0631,94.2104
TC08,technical,gemma3_4b,26,5,223,19.95,1.0441,0.9577,0.9815,0.0696,91.8657
TC08,technical,gemma3_4b,26,6,223,10.6213,1.037,0.9643,0.9895,0.0637,91.2202
TC08,technical,gemma3_4b,26,7,223,57.2209,1.0764,0.929,0.9519,0.2011,66.7617
TC08,technical,gemma3_4b,27,0,223,10.4253,1.0036,0.9964,0.9981,0.0705,105.4697
TC08,technical,gemma3_4b,27,1,223,135.366,1.8482,0.5411,0.6127,0.4276,48.6781
TC08,technical,gemma3_4b,27,2,223,15.935,1.0758,0.9295,0.9656,0.1219,83.9533
TC08,technical,gemma3_4b,27,3,223,62.9825,1.0762,0.9292,0.9401,0.21,90.2285
TC08,technical,gemma3_4b,27,4,223,11.9352,1.0164,0.9838,0.9921,0.0881,103.5023
TC08,technical,gemma3_4b,27,5,223,78.1955,1.0793,0.9265,0.9386,0.2451,87.3727
TC08,technical,gemma3_4b,27,6,223,60.7424,1.0676,0.9367,0.9533,0.168,77.8531
TC08,technical,gemma3_4b,27,7,223,65.5363,1.1045,0.9054,0.9379,0.218,74.3603
TC08,technical,gemma3_4b,28,0,223,133.9954,1.6452,0.6078,0.6749,0.3958,54.8295
TC08,technical,gemma3_4b,28,1,223,6.0834,1.0033,0.9968,0.9986,0.0609,102.857
TC08,technical,gemma3_4b,28,2,223,124.1791,1.2195,0.82,0.8382,0.3897,69.595
TC08,technical,gemma3_4b,28,3,223,84.2799,1.1185,0.8941,0.9049,0.3031,80.3823
TC08,technical,gemma3_4b,28,4,223,31.7224,1.0534,0.9493,0.9656,0.1752,88.6399
TC08,technical,gemma3_4b,28,5,223,39.0379,1.0473,0.9548,0.9668,0.1766,84.8098
TC08,technical,gemma3_4b,28,6,223,2.5141,1.0004,0.9996,0.9998,0.0401,105.8707
TC08,technical,gemma3_4b,28,7,223,2.8075,1.0008,0.9992,0.9997,0.0441,105.4034
TC08,technical,gemma3_4b,29,0,223,13.1005,1.0186,0.9818,0.9943,0.0602,95.1456
TC08,technical,gemma3_4b,29,1,223,11.1069,1.0301,0.9708,0.9914,0.0442,97.6333
TC08,technical,gemma3_4b,29,2,223,6.157,1.0041,0.9959,0.9982,0.0469,100.6528
TC08,technical,gemma3_4b,29,3,223,7.4752,1.0049,0.9951,0.9976,0.0496,99.0669
TC08,technical,gemma3_4b,29,4,223,14.2857,1.0164,0.9839,0.9929,0.0633,95.4337
TC08,technical,gemma3_4b,29,5,223,13.6033,1.0134,0.9868,0.9938,0.0684,95.0643
TC08,technical,gemma3_4b,29,6,223,5.2823,1.0029,0.9972,0.9985,0.06,107.1712
TC08,technical,gemma3_4b,29,7,223,8.6428,1.004,0.996,0.9981,0.09,100.5499
TC08,technical,gemma3_4b,30,0,223,7.5678,1.0051,0.9949,0.9979,0.0634,97.7185
TC08,technical,gemma3_4b,30,1,223,45.5081,1.0742,0.9309,0.9486,0.1899,81.2239
TC08,technical,gemma3_4b,30,2,223,14.1749,1.0081,0.992,0.9954,0.0793,95.1709
TC08,technical,gemma3_4b,30,3,223,20.5959,1.0167,0.9836,0.9914,0.0945,92.3286
TC08,technical,gemma3_4b,30,4,223,60.3518,1.0926,0.9152,0.9356,0.2197,74.7759
TC08,technical,gemma3_4b,30,5,223,19.3341,1.0117,0.9885,0.9929,0.0924,87.862
TC08,technical,gemma3_4b,30,6,223,31.4578,1.0245,0.9761,0.9845,0.131,84.3788
TC08,technical,gemma3_4b,30,7,223,23.8601,1.0154,0.9849,0.9906,0.1065,85.1457
TC08,technical,gemma3_4b,31,0,223,10.9153,1.0071,0.993,0.9969,0.1009,98.8459
TC08,technical,gemma3_4b,31,1,223,2.0025,1.0002,0.9998,0.9999,0.0405,107.882
TC08,technical,gemma3_4b,31,2,223,106.1128,1.1229,0.8906,0.9088,0.2597,74.978
TC08,technical,gemma3_4b,31,3,223,155.9472,2.0963,0.477,0.5599,0.5038,44.7823
TC08,technical,gemma3_4b,31,4,223,119.4856,1.1812,0.8466,0.8609,0.2753,70.3626
TC08,technical,gemma3_4b,31,5,223,149.1683,2.3548,0.4247,0.5255,0.3997,42.888
TC08,technical,gemma3_4b,31,6,223,77.682,1.0562,0.9468,0.9552,0.1926,80.4911
TC08,technical,gemma3_4b,31,7,223,166.4318,2.6909,0.3716,0.4485,0.4839,39.385
TC08,technical,gemma3_4b,32,0,223,31.3373,1.0588,0.9444,0.9574,0.1691,86.561
TC08,technical,gemma3_4b,32,1,223,19.8396,1.0244,0.9762,0.9866,0.1066,88.5477
TC08,technical,gemma3_4b,32,2,223,179.7098,2.6561,0.3765,0.4032,0.5739,44.7765
TC08,technical,gemma3_4b,32,3,223,75.6898,1.1175,0.8949,0.9179,0.2458,78.1884
TC08,technical,gemma3_4b,32,4,223,11.3753,1.0109,0.9892,0.9963,0.0901,102.4143
TC08,technical,gemma3_4b,32,5,223,59.2137,1.0573,0.9458,0.9671,0.2461,81.291
TC08,technical,gemma3_4b,32,6,223,105.1904,1.2253,0.8161,0.8403,0.3848,65.909
TC08,technical,gemma3_4b,32,7,223,25.0346,1.0185,0.9819,0.9881,0.1225,98.7493
TC08,technical,gemma3_4b,33,0,223,46.6331,1.0838,0.9227,0.972,0.181,72.6998
TC08,technical,gemma3_4b,33,1,223,9.8551,1.0205,0.9799,0.9975,0.0857,96.5263
TC08,technical,gemma3_4b,33,2,223,168.1822,1.7745,0.5635,0.6049,0.5335,51.977
TC08,technical,gemma3_4b,33,3,223,99.7802,1.1101,0.9008,0.9252,0.2523,75.7799
TC08,technical,gemma3_4b,33,4,223,53.0431,1.0306,0.9704,0.9774,0.1696,86.6184
TC08,technical,gemma3_4b,33,5,223,191.5535,8.2406,0.1214,0.1904,0.7057,23.1419
TC08,technical,gemma3_4b,33,6,223,168.773,6.3552,0.1574,0.2436,0.6794,23.5355
TC08,technical,gemma3_4b,33,7,223,222.5441,110.7413,0.009,0.0284,0.9668,3.4747
TC10,technical,gemma3_4b,0,0,239,70.8116,1.531,0.6532,0.7625,0.1708,55.3336
TC10,technical,gemma3_4b,0,1,239,101.8115,1.8604,0.5375,0.612,0.1414,55.2331
TC10,technical,gemma3_4b,0,2,239,122.5684,2.7304,0.3662,0.4846,0.3619,25.8396
TC10,technical,gemma3_4b,0,3,239,50.3461,1.8202,0.5494,0.7752,0.1258,53.5012
TC10,technical,gemma3_4b,0,4,239,199.3749,42.9685,0.0233,0.0769,0.932,2.781
TC10,technical,gemma3_4b,0,5,239,100.3823,6.0162,0.1662,0.3931,0.2935,30.5262
TC10,technical,gemma3_4b,0,6,239,130.7748,1.7838,0.5606,0.594,0.4101,58.1643
TC10,technical,gemma3_4b,0,7,239,85.316,1.2748,0.7845,0.8142,0.2639,73.901
TC10,technical,gemma3_4b,1,0,239,52.692,1.0754,0.9299,0.954,0.1705,89.212
TC10,technical,gemma3_4b,1,1,239,69.0843,1.2287,0.8139,0.8389,0.2554,80.2745
TC10,technical,gemma3_4b,1,2,239,72.9221,1.2397,0.8067,0.8942,0.177,56.3154
TC10,technical,gemma3_4b,1,3,239,34.7416,1.06,0.9434,0.9777,0.111,69.2244
TC10,technical,gemma3_4b,1,4,239,127.3454,2.828,0.3536,0.4452,0.4604,33.8564
TC10,technical,gemma3_4b,1,5,239,50.0116,1.1769,0.8497,0.8966,0.0506,91.0678
TC10,technical,gemma3_4b,1,6,239,33.6625,1.0908,0.9167,0.9522,0.1341,76.6206
TC10,technical,gemma3_4b,1,7,239,34.0207,1.0916,0.9161,0.9435,0.1289,90.0663
TC10,technical,gemma3_4b,2,0,239,21.8682,1.0369,0.9644,0.9792,0.1103,103.9253
TC10,technical,gemma3_4b,2,1,239,75.5145,1.2239,0.8171,0.8515,0.2492,71.1133
TC10,technical,gemma3_4b,2,2,239,167.732,2.5691,0.3892,0.4243,0.6199,45.7116
TC10,technical,gemma3_4b,2,3,239,148.1757,1.8307,0.5462,0.5825,0.5313,54.9499
TC10,technical,gemma3_4b,2,4,239,168.2117,2.3289,0.4294,0.4952,0.3503,52.1369
TC10,technical,gemma3_4b,2,5,239,109.4768,1.7581,0.5688,0.6284,0.4214,56.6807
TC10,technical,gemma3_4b,2,6,239,96.9926,4.2313,0.2363,0.4092,0.5536,12.118
TC10,technical,gemma3_4b,2,7,239,84.5092,1.3639,0.7332,0.8035,0.1211,51.6706
TC10,technical,gemma3_4b,3,0,239,92.1823,1.356,0.7375,0.7809,0.3516,64.7273
TC10,technical,gemma3_4b,3,1,239,95.5992,1.5754,0.6348,0.6978,0.3366,55.7109
TC10,technical,gemma3_4b,3,2,239,91.8552,1.3886,0.7202,0.7542,0.3873,61.8154
TC10,technical,gemma3_4b,3,3,239,110.2655,2.238,0.4468,0.5105,0.515,44.627
TC10,technical,gemma3_4b,3,4,239,119.6874,1.9429,0.5147,0.5702,0.539,47.3782
TC10,technical,gemma3_4b,3,5,239,110.1114,1.4969,0.6681,0.721,0.3505,47.8149
TC10,technical,gemma3_4b,3,6,239,81.4091,2.0336,0.4917,0.6042,0.3687,45.8511
TC10,technical,gemma3_4b,3,7,239,88.5972,1.3495,0.741,0.7755,0.2925,69.986
TC10,technical,gemma3_4b,4,0,239,96.9048,1.6057,0.6228,0.7721,0.2116,45.3375
TC10,technical,gemma3_4b,4,1,239,102.649,3.2475,0.3079,0.491,0.342,32.5612
TC10,technical,gemma3_4b,4,2,239,71.3451,1.2438,0.804,0.8492,0.0611,82.9843
TC10,technical,gemma3_4b,4,3,239,116.4302,1.7857,0.56,0.6451,0.3672,45.2139
TC10,technical,gemma3_4b,4,4,239,77.7191,3.4577,0.2892,0.5116,0.3678,20.8811
TC10,technical,gemma3_4b,4,5,239,128.8872,3.6304,0.2754,0.3578,0.6863,21.9578
TC10,technical,gemma3_4b,4,6,239,229.915,70.416,0.0142,0.0498,0.9094,6.3773
TC10,technical,gemma3_4b,4,7,239,43.0458,1.4595,0.6851,0.9221,0.0927,63.8433
TC10,technical,gemma3_4b,5,0,239,84.129,1.2638,0.7912,0.831,0.1492,75.4013
TC10,technical,gemma3_4b,5,1,239,23.6781,1.039,0.9625,0.9817,0.0503,108.1519
TC10,technical,gemma3_4b,5,2,239,27.6408,1.0442,0.9577,0.9756,0.0637,104.8731
TC10,technical,gemma3_4b,5,3,239,35.99,1.0882,0.9189,0.9556,0.0449,102.8394
TC10,technical,gemma3_4b,5,4,239,116.6916,2.3046,0.4339,0.5284,0.4593,38.2577
TC10,technical,gemma3_4b,5,5,239,38.6024,1.0575,0.9456,0.9687,0.0868,80.7643
TC10,technical,gemma3_4b,5,6,239,82.2002,1.4054,0.7116,0.8529,0.1262,66.248
TC10,technical,gemma3_4b,5,7,239,51.6083,1.213,0.8244,0.9191,0.1586,76.3261
TC10,technical,gemma3_4b,6,0,239,56.2378,1.1313,0.8839,0.9168,0.1882,69.5425
TC10,technical,gemma3_4b,6,1,239,93.0157,1.346,0.7429,0.7925,0.3371,57.424
TC10,technical,gemma3_4b,6,2,239,82.5708,1.7622,0.5675,0.7463,0.223,62.312
TC10,technical,gemma3_4b,6,3,239,76.9508,1.4195,0.7045,0.8307,0.1858,63.0018
TC10,technical,gemma3_4b,6,4,239,50.0674,1.0773,0.9283,0.9522,0.0678,87.4623
TC10,technical,gemma3_4b,6,5,239,42.8549,1.0722,0.9327,0.9634,0.141,67.2334
TC10,technical,gemma3_4b,6,6,239,112.212,1.6792,0.5955,0.6545,0.4025,49.5065
TC10,technical,gemma3_4b,6,7,239,145.2466,1.3866,0.7212,0.7684,0.3499,56.134
TC10,technical,gemma3_4b,7,0,239,169.0297,2.1042,0.4752,0.5152,0.6098,44.4364
TC10,technical,gemma3_4b,7,1,239,164.0938,2.4259,0.4122,0.4696,0.6157,41.9394
TC10,technical,gemma3_4b,7,2,239,76.1545,2.1023,0.4757,0.5834,0.4154,41.6332
TC10,technical,gemma3_4b,7,3,239,108.257,1.5662,0.6385,0.6871,0.428,49.0548
TC10,technical,gemma3_4b,7,4,239,71.3156,1.665,0.6006,0.7887,0.1669,55.0642
TC10,technical,gemma3_4b,7,5,239,84.1584,3.4374,0.2909,0.4514,0.4729,36.1466
TC10,technical,gemma3_4b,7,6,239,83.9947,1.3765,0.7265,0.8024,0.1927,50.8056
TC10,technical,gemma3_4b,7,7,239,110.4041,2.7455,0.3642,0.4866,0.2218,44.4725
TC10,technical,gemma3_4b,8,0,239,117.884,1.6206,0.617,0.6748,0.4098,47.2463
TC10,technical,gemma3_4b,8,1,239,156.6442,1.6818,0.5946,0.6689,0.3514,54.1366
TC10,technical,gemma3_4b,8,2,239,102.9051,1.4248,0.7019,0.7441,0.4253,53.18
TC10,technical,gemma3_4b,8,3,239,73.7867,1.1557,0.8653,0.8857,0.3109,71.5759
TC10,technical,gemma3_4b,8,4,239,90.7834,2.0793,0.4809,0.6529,0.2612,47.428
TC10,technical,gemma3_4b,8,5,239,108.0787,1.8465,0.5416,0.6251,0.3562,48.4563
TC10,technical,gemma3_4b,8,6,239,87.3767,1.6774,0.5962,0.7291,0.3239,37.2312
TC10,technical,gemma3_4b,8,7,239,107.6284,2.0705,0.483,0.5635,0.4991,43.9465
TC10,technical,gemma3_4b,9,0,239,99.3046,1.8616,0.5372,0.6473,0.3006,48.8904
TC10,technical,gemma3_4b,9,1,239,99.3403,1.4142,0.7071,0.7783,0.3499,54.7766
TC10,technical,gemma3_4b,9,2,239,60.4213,1.406,0.7112,0.8637,0.1248,62.6076
TC10,technical,gemma3_4b,9,3,239,90.3547,1.8241,0.5482,0.699,0.1584,64.4257
TC10,technical,gemma3_4b,9,4,239,73.0071,1.401,0.7138,0.8401,0.1805,62.841
TC10,technical,gemma3_4b,9,5,239,84.5566,2.9215,0.3423,0.6702,0.2279,50.4485
TC10,technical,gemma3_4b,9,6,239,55.0398,1.1118,0.8994,0.9288,0.1465,63.3709
TC10,technical,gemma3_4b,9,7,239,94.966,1.7861,0.5599,0.647,0.2544,50.552
TC10,technical,gemma3_4b,10,0,239,112.5483,2.6988,0.3705,0.4612,0.5161,31.8839
TC10,technical,gemma3_4b,10,1,239,187.3472,3.301,0.3029,0.347,0.673,37.6123
TC10,technical,gemma3_4b,10,2,239,61.4503,1.1904,0.8401,0.9166,0.1447,64.132
TC10,technical,gemma3_4b,10,3,239,68.9578,1.2032,0.8311,0.8935,0.1916,63.2874
TC10,technical,gemma3_4b,10,4,239,44.3426,1.1131,0.8984,0.9395,0.179,66.256
TC10,technical,gemma3_4b,10,5,239,109.4299,1.3309,0.7514,0.826,0.2686,55.0369
TC10,technical,gemma3_4b,10,6,239,92.2284,1.7597,0.5683,0.6719,0.379,44.275
TC10,technical,gemma3_4b,10,7,239,81.3069,1.3585,0.7361,0.8083,0.2641,59.653
TC10,technical,gemma3_4b,11,0,239,62.7728,1.2416,0.8054,0.896,0.1572,67.8094
TC10,technical,gemma3_4b,11,1,239,30.3023,1.0563,0.9467,0.9733,0.1158,87.9731
TC10,technical,gemma3_4b,11,2,239,141.5005,1.6099,0.6212,0.6866,0.2855,68.8141
TC10,technical,gemma3_4b,11,3,239,75.3518,1.1794,0.8479,0.9117,0.1576,74.1745
TC10,technical,gemma3_4b,11,4,239,91.0837,1.4752,0.6779,0.7689,0.167,71.0415
TC10,technical,gemma3_4b,11,5,239,17.1437,1.0331,0.968,0.9825,0.0535,109.61
TC10,technical,gemma3_4b,11,6,239,85.0761,4.1409,0.2415,0.606,0.1916,59.0243
TC10,technical,gemma3_4b,11,7,239,97.172,1.8807,0.5317,0.6836,0.2131,59.3837
TC10,technical,gemma3_4b,12,0,239,73.7381,1.3049,0.7663,0.8318,0.1886,58.7428
TC10,technical,gemma3_4b,12,1,239,75.8446,1.5396,0.6495,0.7886,0.0949,64.5419
TC10,technical,gemma3_4b,12,2,239,127.7697,5.6679,0.1764,0.316,0.5511,22.8174
TC10,technical,gemma3_4b,12,3,239,88.2261,1.8697,0.5349,0.6794,0.2616,42.7597
TC10,technical,gemma3_4b,12,4,239,87.8958,2.2415,0.4461,0.6061,0.3319,42.3579
TC10,technical,gemma3_4b,12,5,239,128.8668,1.8919,0.5286,0.638,0.328,49.2018
TC10,technical,gemma3_4b,12,6,239,100.0908,2.4351,0.4107,0.5889,0.2966,44.6652
TC10,technical,gemma3_4b,12,7,239,103.1897,2.1551,0.464,0.5727,0.3736,46.1364
TC10,technical,gemma3_4b,13,0,239,128.6657,2.1256,0.4705,0.535,0.5927,39.5812
TC10,technical,gemma3_4b,13,1,239,140.6343,2.0462,0.4887,0.5403,0.5724,41.5186
TC10,technical,gemma3_4b,13,2,239,65.4993,1.1474,0.8715,0.9102,0.1838,66.2763
TC10,technical,gemma3_4b,13,3,239,96.1774,2.3596,0.4238,0.5488,0.3319,41.6443
TC10,technical,gemma3_4b,13,4,239,70.6057,1.4266,0.701,0.8236,0.1664,66.5617
TC10,technical,gemma3_4b,13,5,239,50.0247,1.1518,0.8682,0.9283,0.1278,72.2382
TC10,technical,gemma3_4b,13,6,239,148.5718,1.4834,0.6741,0.7143,0.4094,56.5768
TC10,technical,gemma3_4b,13,7,239,180.6925,1.8701,0.5347,0.5802,0.4134,52.3984
TC10,technical,gemma3_4b,14,0,239,102.5116,1.5133,0.6608,0.7187,0.3943,52.8507
TC10,technical,gemma3_4b,14,1,239,84.7986,1.2733,0.7854,0.8406,0.2882,61.2929
TC10,technical,gemma3_4b,14,2,239,121.4881,2.0914,0.4781,0.601,0.3422,45.6068
TC10,technical,gemma3_4b,14,3,239,130.4334,3.4124,0.293,0.4379,0.3563,45.9954
TC10,technical,gemma3_4b,14,4,239,113.4068,2.5413,0.3935,0.5121,0.5046,38.7438
TC10,technical,gemma3_4b,14,5,239,84.3118,2.4013,0.4164,0.523,0.4866,42.3015
TC10,technical,gemma3_4b,14,6,239,104.0143,4.7215,0.2118,0.4373,0.3734,31.5557
TC10,technical,gemma3_4b,14,7,239,233.421,24.6483,0.0406,0.0711,0.7175,20.1647
TC10,technical,gemma3_4b,15,0,239,69.0941,1.1703,0.8545,0.9087,0.2026,67.2241
TC10,technical,gemma3_4b,15,1,239,69.0358,1.2928,0.7735,0.8599,0.2639,63.842
TC10,technical,gemma3_4b,15,2,239,48.919,1.0583,0.9449,0.9618,0.1846,71.7949
TC10,technical,gemma3_4b,15,3,239,93.147,1.4719,0.6794,0.7391,0.3772,55.0194
TC10,technical,gemma3_4b,15,4,239,55.4946,1.1554,0.8655,0.9335,0.1842,77.0608
TC10,technical,gemma3_4b,15,5,239,64.0172,1.433,0.6978,0.8424,0.1926,72.1848
TC10,technical,gemma3_4b,15,6,239,73.6581,1.2973,0.7708,0.8563,0.2051,66.6431
TC10,technical,gemma3_4b,15,7,239,80.8724,1.3808,0.7242,0.8276,0.2161,63.5447
TC10,technical,gemma3_4b,16,0,239,165.1574,2.5255,0.396,0.4457,0.6448,37.6092
TC10,technical,gemma3_4b,16,1,239,117.4511,1.4984,0.6674,0.74,0.3271,52.4326
TC10,technical,gemma3_4b,16,2,239,87.9583,1.3102,0.7633,0.8201,0.2999,51.804
TC10,technical,gemma3_4b,16,3,239,88.7217,1.3993,0.7146,0.7829,0.319,52.7463
TC10,technical,gemma3_4b,16,4,239,81.6538,1.617,0.6184,0.7395,0.3315,49.1893
TC10,technical,gemma3_4b,16,5,239,112.841,1.8328,0.5456,0.6323,0.3959,43.5012
TC10,technical,gemma3_4b,16,6,239,73.5572,2.4508,0.408,0.6347,0.2337,48.315
TC10,technical,gemma3_4b,16,7,239,107.4673,4.0694,0.2457,0.4758,0.3443,42.87
TC10,technical,gemma3_4b,17,0,239,105.3049,3.1281,0.3197,0.5688,0.238,58.9066
TC10,technical,gemma3_4b,17,1,239,110.6683,1.4257,0.7014,0.8094,0.2051,60.9539
TC10,technical,gemma3_4b,17,2,239,69.7269,1.4336,0.6976,0.8397,0.1575,71.6025
TC10,technical,gemma3_4b,17,3,239,118.4985,1.7982,0.5561,0.6627,0.2816,63.5573
TC10,technical,gemma3_4b,17,4,239,35.7361,1.0853,0.9214,0.9643,0.1282,88.4636
TC10,technical,gemma3_4b,17,5,239,23.0836,1.0578,0.9453,0.973,0.0921,99.9999
TC10,technical,gemma3_4b,17,6,239,28.8181,1.0412,0.9605,0.9808,0.0725,94.0964
TC10,technical,gemma3_4b,17,7,239,29.7903,1.0506,0.9518,0.9771,0.0996,84.3329
TC10,technical,gemma3_4b,18,0,239,82.7532,1.2168,0.8218,0.8698,0.2996,67.5419
TC10,technical,gemma3_4b,18,1,239,73.7202,1.3291,0.7524,0.8101,0.2463,65.1342
TC10,technical,gemma3_4b,18,2,239,117.3562,1.5075,0.6634,0.7328,0.3172,55.2757
TC10,technical,gemma3_4b,18,3,239,122.5704,2.3327,0.4287,0.5347,0.471,38.8902
TC10,technical,gemma3_4b,18,4,239,120.7575,1.4034,0.7126,0.7515,0.4323,59.4221
TC10,technical,gemma3_4b,18,5,239,93.2026,1.1976,0.835,0.8599,0.3558,63.7909
TC10,technical,gemma3_4b,18,6,239,129.962,2.3571,0.4242,0.5209,0.4934,36.8267
TC10,technical,gemma3_4b,18,7,239,123.58,4.5954,0.2176,0.3514,0.5837,26.1567
TC10,technical,gemma3_4b,19,0,239,93.6914,1.1791,0.8481,0.8775,0.2891,64.3316
TC10,technical,gemma3_4b,19,1,239,50.0767,1.0736,0.9315,0.9534,0.1883,84.3399
TC10,technical,gemma3_4b,19,2,239,111.3581,1.3927,0.718,0.7533,0.45,51.1292
TC10,technical,gemma3_4b,19,3,239,53.6237,1.2458,0.8027,0.8646,0.2372,61.4906
TC10,technical,gemma3_4b,19,4,239,135.5897,2.3147,0.432,0.5586,0.3631,44.1256
TC10,technical,gemma3_4b,19,5,239,138.7682,4.8448,0.2064,0.3735,0.4095,37.4864
TC10,technical,gemma3_4b,19,6,239,71.8429,1.5127,0.6611,0.7757,0.3664,62.9668
TC10,technical,gemma3_4b,19,7,239,68.8587,1.0916,0.9161,0.9413,0.1338,90.8577
TC10,technical,gemma3_4b,20,0,239,47.8742,1.08,0.9259,0.9508,0.1836,76.993
TC10,technical,gemma3_4b,20,1,239,88.3084,1.2878,0.7765,0.8385,0.2528,57.6382
TC10,technical,gemma3_4b,20,2,239,72.5088,1.2504,0.7997,0.8409,0.2933,62.038
TC10,technical,gemma3_4b,20,3,239,37.7346,1.039,0.9624,0.9767,0.1539,86.2577
TC10,technical,gemma3_4b,20,4,239,85.5347,1.4684,0.681,0.7772,0.3975,51.2936
TC10,technical,gemma3_4b,20,5,239,91.5211,1.4848,0.6735,0.7306,0.4525,57.7433
TC10,technical,gemma3_4b,20,6,239,180.8154,1.8467,0.5415,0.5919,0.4218,50.7302
TC10,technical,gemma3_4b,20,7,239,140.7156,2.7027,0.37,0.4701,0.53,33.114
TC10,technical,gemma3_4b,21,0,239,80.9544,1.2921,0.7739,0.834,0.2362,65.7119
TC10,technical,gemma3_4b,21,1,239,17.1104,1.0163,0.984,0.992,0.0909,105.5023
TC10,technical,gemma3_4b,21,2,239,51.471,1.1191,0.8936,0.9435,0.1179,77.9479
TC10,technical,gemma3_4b,21,3,239,130.8877,1.8047,0.5541,0.6,0.558,47.7649
TC10,technical,gemma3_4b,21,4,239,85.1465,1.3285,0.7527,0.8076,0.3668,64.508
TC10,technical,gemma3_4b,21,5,239,40.6642,1.0734,0.9316,0.9627,0.2063,89.1641
TC10,technical,gemma3_4b,21,6,239,37.9769,1.0888,0.9185,0.9597,0.0937,90.1781
TC10,technical,gemma3_4b,21,7,239,68.0146,1.1033,0.9064,0.9333,0.2094,74.6339
TC10,technical,gemma3_4b,22,0,239,112.7608,1.1677,0.8564,0.8767,0.3411,67.6449
TC10,technical,gemma3_4b,22,1,239,163.8637,1.5128,0.661,0.6836,0.4752,64.5106
TC10,technical,gemma3_4b,22,2,239,178.1477,1.8436,0.5424,0.5875,0.4617,49.8218
TC10,technical,gemma3_4b,22,3,239,149.9562,1.9353,0.5167,0.5737,0.5609,47.0488
TC10,technical,gemma3_4b,22,4,239,175.4417,1.5438,0.6478,0.687,0.3496,56.8004
TC10,technical,gemma3_4b,22,5,239,116.0116,2.1188,0.472,0.6666,0.2905,54.8133
TC10,technical,gemma3_4b,22,6,239,116.1878,1.6874,0.5926,0.699,0.3012,56.1936
TC10,technical,gemma3_4b,22,7,239,131.1196,1.6152,0.6191,0.704,0.2823,57.9922
TC10,technical,gemma3_4b,23,0,239,25.4821,1.0347,0.9664,0.9839,0.0774,99.2548
TC10,technical,gemma3_4b,23,1,239,30.8538,1.0752,0.9301,0.9638,0.0653,101.8424
TC10,technical,gemma3_4b,23,2,239,90.9296,1.3931,0.7178,0.793,0.2209,62.6799
TC10,technical,gemma3_4b,23,3,239,53.6401,1.1388,0.8781,0.9372,0.115,84.4662
TC10,technical,gemma3_4b,23,4,239,8.3724,1.0065,0.9936,0.9968,0.0543,105.6073
TC10,technical,gemma3_4b,23,5,239,52.5707,1.054,0.9488,0.9597,0.2289,84.4847
TC10,technical,gemma3_4b,23,6,239,18.6654,1.0202,0.9802,0.992,0.0781,103.6795
TC10,technical,gemma3_4b,23,7,239,10.8569,1.0062,0.9938,0.9963,0.0597,108.6995
TC10,technical,gemma3_4b,24,0,239,42.9413,1.0813,0.9248,0.9655,0.1434,76.4223
TC10,technical,gemma3_4b,24,1,239,47.2661,1.0732,0.9318,0.9649,0.1633,81.0141
TC10,technical,gemma3_4b,24,2,239,30.2827,1.0658,0.9383,0.9628,0.1026,97.1842
TC10,technical,gemma3_4b,24,3,239,16.4012,1.036,0.9652,0.9826,0.0706,101.6114
TC10,technical,gemma3_4b,24,4,239,93.3015,1.2499,0.8,0.8637,0.2699,67.6939
TC10,technical,gemma3_4b,24,5,239,69.9374,1.0754,0.9299,0.9458,0.2207,73.9791
TC10,technical,gemma3_4b,24,6,239,111.7426,1.3143,0.7608,0.8049,0.3679,63.6217
TC10,technical,gemma3_4b,24,7,239,37.1865,1.016,0.9842,0.9882,0.1308,97.7405
TC10,technical,gemma3_4b,25,0,239,33.7289,1.0828,0.9235,0.9607,0.1007,93.8356
TC10,technical,gemma3_4b,25,1,239,22.0171,1.045,0.9569,0.9795,0.0985,93.3623
TC10,technical,gemma3_4b,25,2,239,52.6551,1.0368,0.9645,0.9744,0.1759,86.0525
TC10,technical,gemma3_4b,25,3,239,120.751,1.4913,0.6706,0.7172,0.4222,53.3512
TC10,technical,gemma3_4b,25,4,239,81.8476,1.151,0.8688,0.9063,0.2187,86.3827
TC10,technical,gemma3_4b,25,5,239,36.4889,1.0318,0.9692,0.9786,0.1414,95.292
TC10,technical,gemma3_4b,25,6,239,45.069,1.0445,0.9574,0.9678,0.1927,91.805
TC10,technical,gemma3_4b,25,7,239,33.3052,1.0479,0.9543,0.9681,0.1677,99.4751
TC10,technical,gemma3_4b,26,0,239,13.572,1.0076,0.9925,0.9956,0.0748,102.003
TC10,technical,gemma3_4b,26,1,239,10.3945,1.0066,0.9934,0.9963,0.0654,106.5196
TC10,technical,gemma3_4b,26,2,239,8.8242,1.0088,0.9913,0.9974,0.0737,109.6238
TC10,technical,gemma3_4b,26,3,239,100.9861,1.2181,0.821,0.8506,0.2939,74.3279
TC10,technical,gemma3_4b,26,4,239,10.6012,1.0124,0.9878,0.9956,0.0578,106.5227
TC10,technical,gemma3_4b,26,5,239,17.0776,1.0406,0.961,0.9859,0.0588,102.0707
TC10,technical,gemma3_4b,26,6,239,10.3504,1.0312,0.9697,0.9919,0.0607,98.8395
TC10,technical,gemma3_4b,26,7,239,70.4006,1.096,0.9124,0.9348,0.2183,69.3456
TC10,technical,gemma3_4b,27,0,239,9.1442,1.0024,0.9976,0.9985,0.0617,113.8697
TC10,technical,gemma3_4b,27,1,239,146.1296,1.8134,0.5514,0.6138,0.4275,53.7378
TC10,technical,gemma3_4b,27,2,239,17.6366,1.0776,0.928,0.9646,0.1204,88.9933
TC10,technical,gemma3_4b,27,3,239,66.5934,1.0717,0.9331,0.9425,0.2048,96.7296
TC10,technical,gemma3_4b,27,4,239,9.4119,1.0093,0.9908,0.9966,0.0736,112.3123
TC10,technical,gemma3_4b,27,5,239,79.6612,1.071,0.9337,0.9447,0.2313,93.9068
TC10,technical,gemma3_4b,27,6,239,74.6033,1.1076,0.9029,0.9316,0.1736,78.0379
TC10,technical,gemma3_4b,27,7,239,81.2477,1.1375,0.8791,0.9139,0.2469,72.2961
TC10,technical,gemma3_4b,28,0,239,144.3453,1.6524,0.6052,0.6644,0.4066,60.1478
TC10,technical,gemma3_4b,28,1,239,4.1754,1.0013,0.9987,0.9993,0.0461,113.2688
TC10,technical,gemma3_4b,28,2,239,112.4044,1.1405,0.8768,0.8926,0.3369,80.6719
TC10,technical,gemma3_4b,28,3,239,84.9856,1.1141,0.8976,0.9104,0.2889,86.8
TC10,technical,gemma3_4b,28,4,239,37.4824,1.0777,0.9279,0.9508,0.1898,91.7407
TC10,technical,gemma3_4b,28,5,239,47.0188,1.0786,0.9271,0.9531,0.1912,84.3223
TC10,technical,gemma3_4b,28,6,239,3.0406,1.0006,0.9994,0.9997,0.0417,112.3437
TC10,technical,gemma3_4b,28,7,239,3.0738,1.0009,0.9991,0.9997,0.0441,112.7569
TC10,technical,gemma3_4b,29,0,239,12.5462,1.0158,0.9844,0.9941,0.0563,102.4262
TC10,technical,gemma3_4b,29,1,239,11.3528,1.0252,0.9754,0.992,0.0462,104.3712
TC10,technical,gemma3_4b,29,2,239,6.1167,1.0047,0.9954,0.9985,0.0427,110.345
TC10,technical,gemma3_4b,29,3,239,8.8276,1.0115,0.9886,0.9969,0.0468,108.4534
TC10,technical,gemma3_4b,29,4,239,13.3796,1.0159,0.9844,0.9942,0.0573,105.1539
TC10,technical,gemma3_4b,29,5,239,12.0185,1.0073,0.9928,0.9958,0.0569,104.1279
TC10,technical,gemma3_4b,29,6,239,4.1858,1.0027,0.9973,0.9993,0.0514,115.2392
TC10,technical,gemma3_4b,29,7,239,6.9346,1.0025,0.9975,0.9988,0.0771,110.1679
TC10,technical,gemma3_4b,30,0,239,7.0469,1.0061,0.994,0.9984,0.0609,107.3717
TC10,technical,gemma3_4b,30,1,239,38.1572,1.05,0.9523,0.9684,0.1627,88.6545
TC10,technical,gemma3_4b,30,2,239,14.0312,1.0107,0.9894,0.995,0.0746,104.2287
TC10,technical,gemma3_4b,30,3,239,19.5108,1.0186,0.9817,0.9917,0.09,101.3155
TC10,technical,gemma3_4b,30,4,239,70.6753,1.1098,0.901,0.9235,0.2151,74.918
TC10,technical,gemma3_4b,30,5,239,20.1061,1.0142,0.986,0.9928,0.0837,94.4856
TC10,technical,gemma3_4b,30,6,239,28.0934,1.019,0.9813,0.9879,0.1158,91.595
TC10,technical,gemma3_4b,30,7,239,22.3122,1.0151,0.9851,0.9919,0.1028,93.3094
TC10,technical,gemma3_4b,31,0,239,9.3922,1.0044,0.9957,0.9976,0.0875,108.1899
TC10,technical,gemma3_4b,31,1,239,2.3437,1.0003,0.9997,0.9999,0.0411,114.4477
TC10,technical,gemma3_4b,31,2,239,118.6723,1.1396,0.8775,0.8953,0.2681,77.5327
TC10,technical,gemma3_4b,31,3,239,170.9914,2.3343,0.4284,0.5,0.5183,45.1382
TC10,technical,gemma3_4b,31,4,239,125.0036,1.1809,0.8468,0.8605,0.2719,74.8493
TC10,technical,gemma3_4b,31,5,239,165.9594,2.5176,0.3972,0.4926,0.4226,42.9033
TC10,technical,gemma3_4b,31,6,239,81.8199,1.0474,0.9547,0.9614,0.1926,85.7022
TC10,technical,gemma3_4b,31,7,239,176.2647,2.3302,0.4291,0.4956,0.4708,44.6038
TC10,technical,gemma3_4b,32,0,239,34.3455,1.0609,0.9426,0.9586,0.17,92.136
TC10,technical,gemma3_4b,32,1,239,18.0184,1.0223,0.9781,0.991,0.0938,97.2078
TC10,technical,gemma3_4b,32,2,239,188.8385,2.6225,0.3813,0.4069,0.5678,49.6595
TC10,technical,gemma3_4b,32,3,239,81.0437,1.0959,0.9125,0.9342,0.2321,84.9071
TC10,technical,gemma3_4b,32,4,239,10.6248,1.0095,0.9906,0.9965,0.0814,110.6048
TC10,technical,gemma3_4b,32,5,239,67.7068,1.064,0.9398,0.9583,0.2487,84.0978
TC10,technical,gemma3_4b,32,6,239,117.4414,1.2472,0.8018,0.8287,0.3911,69.4455
TC10,technical,gemma3_4b,32,7,239,26.874,1.0191,0.9812,0.9877,0.1201,105.3509
TC10,technical,gemma3_4b,33,0,239,52.1942,1.0886,0.9186,0.9701,0.1797,77.3496
TC10,technical,gemma3_4b,33,1,239,9.5793,1.0168,0.9835,0.9978,0.0813,104.4557
TC10,technical,gemma3_4b,33,2,239,177.8209,1.77,0.565,0.6078,0.5289,54.6824
TC10,technical,gemma3_4b,33,3,239,116.5645,1.1385,0.8783,0.9066,0.2698,77.2364
TC10,technical,gemma3_4b,33,4,239,32.8812,1.012,0.9882,0.9906,0.1224,102.5686
TC10,technical,gemma3_4b,33,5,239,207.7301,9.6303,0.1038,0.1686,0.7144,23.3451
TC10,technical,gemma3_4b,33,6,239,178.5883,6.0473,0.1654,0.2461,0.6593,24.5292
TC10,technical,gemma3_4b,33,7,239,238.4643,113.8588,0.0088,0.0269,0.9658,3.8961
